id,image_name,predicted_animal,moon_phase,temperature,date,cam
76288dfbf134376e0b6fae8d8ff87c26,TF_ACULEI_25012021-203.jpg,porcupine,Waxing Gibbous,17,2021-01-25 02:01:32,CAM 7
b208189a2c8098e96b6fcd072c11973b,TF_ACULEI_09122022-20472.jpg,badger,Full Moon,,2022-12-09 00:26:36,CAM 7
565a665ece3a28a303341f0bad2438a3,TF_ACULEI_16012021-114.jpg,porcupine,Waxing Crescent,15,2021-01-16 02:22:59,CAM 7
735612479acffa490cdd3fc5adc11052,TF_ACULEI_17012021-132.jpg,badger,Waxing Crescent,21,2021-01-17 04:30:20,CAM 7
0861de2ed9fcbdef288f4a4dbfbf8159,TF_ACULEI_08102022-18350.jpg,wild boar,Waxing Gibbous,13,2022-10-08 12:03:42,CAM 7
71d5fe8682b65ad4dcca55509c602677,TF_ACULEI_17012021-133.jpg,porcupine,Waxing Crescent,,2021-01-17 17:38:48,CAM 7
0d5c034c4bb80b35808465bc3646bef9,TF_ACULEI_15092022-17870.jpg,porcupine,Waning Gibbous,19,2022-09-15 22:46:18,CAM 7
03ef9b4f06c3d2a614d7c7dedd86f20b,TF_ACULEI_15022021-23.jpg,wild boar,Waxing Crescent,,2021-02-15 05:56:07,CAM 7
0cf76759862c6099e791fb5308148e0e,TF_ACULEI_05012021-23.jpg,fox,Last Quarter,6,2021-01-05 13:06:13,CAM 7
c2c97cd3dba6a0a6376e3549e51db183,TF_ACULEI_24092022-17969.jpg,wild boar,New Moon,14,2022-09-24 14:30:24,CAM 7
272cf29406072e4583065017d769a937,TF_ACULEI_01102022-18133.jpg,fox,First Quarter,13,2022-10-01 12:26:48,CAM 7
354ea20ee42e5da7d000dab61f1dca14,TF_ACULEI_26012021-216.jpg,badger,Waxing Gibbous,17,2021-01-26 05:48:53,CAM 7
598349e3a7aa6f6d39ab75f711a4bdff,TF_ACULEI_27012021-230.jpg,badger,Full Moon,20,2021-01-27 23:27:03,CAM 7
26af9ea749ab3f858d37a1a730b88a64,TF_ACULEI_24012021-12.jpg,wild boar,Waxing Gibbous,,2021-01-24 07:03:10,CAM 7
c17a8749cf509da0be0ee270d2f31d04,TF_ACULEI_31072022-17330.jpg,wild boar,Waxing Crescent,20,2022-07-31 22:53:09,CAM 7
bbbde57dd0e290aa53c36b3730276580,TF_ACULEI_05052023-25968.jpg,wild boar,Full Moon,6,2023-05-05 05:21:18,CAM 7
c47df1bab5b7aff7c64b3d86478c880c,TF_ACULEI_07102022-18323.jpg,wild boar,Waxing Gibbous,8,2022-10-07 06:49:35,CAM 7
c0486b002d5b1f4b4c4a4b9d6caac9e6,TF_ACULEI_26112022-20119.jpg,fox,,,,CAM 7
92967b364046c6ec655ad6c1e9a4f8c0,TF_ACULEI_18082022-17631.jpg,wild boar,Last Quarter,23,2022-08-18 17:58:22,CAM 7
66d3094b1ca71dba3a6ad8512325fbfe,TF_ACULEI_14012023-21844.jpg,buzzard,Last Quarter,,2023-01-14 07:22:45,CAM 7
d3d3cb05154098a3fa6eeaa090fd319f,TF_ACULEI_28012021-238.jpg,wild boar,Full Moon,23,2021-01-28 19:31:21,CAM 7
e89a29bf007de7c5cd94dd0e9ecd6786,TF_ACULEI_08112023-772.jpg,wild boar,Waning Crescent,3,2023-11-08 06:23:38,CAM 7
f238aede93af2eb40aa9fd7cc68d5ac5,TF_ACULEI_19012021-07.jpg,hare,First Quarter,,2021-01-19 05:24:48,CAM 7
83e86cc40fbb031ab8ed63e0300389e3,TF_ACULEI_25012023-22684.jpg,wild boar,Waxing Crescent,,2023-01-25 06:03:02,CAM 7
ce1aab4ee612cc82f0011b75519798be,TF_ACULEI_21092022-17923.jpg,wild boar,Waning Crescent,15,2022-09-21 16:31:20,CAM 7
3f0bf7f8802046842f0fdc7bbbd26209,TF_ACULEI_18012021-137.jpg,badger,Waxing Crescent,14,2021-01-18 03:01:10,CAM 7
f502598048c10a6d73767461318ebc19,TF_ACULEI_12012021-80.jpg,fox,New Moon,25,2021-01-12 00:25:09,CAM 7
489794ca058b2b8a420ac9b71fffd3d2,TF_ACULEI_18122022-20966.jpg,porcupine,,,,CAM 7
457b3323aa250b9db92a2436ddaba6d7,TF_ACULEI_07072022-16885.jpg,wild boar,,,,CAM 7
76e0779ccf7069e4a274176c368dd9a4,TF_ACULEI_07072022-16884.jpg,wild boar,First Quarter,25,2022-07-07 14:28:00,CAM 7
fd1b2b32a177e626fa0aa3de84abac41,TF_ACULEI_07072022-16880.jpg,wild boar,,,,CAM 7
bd7098c34555ea11bfc31a1dcd31740d,TF_ACULEI_24072022-17185.jpg,deer,Waning Crescent,19,2022-07-24 08:10:00,CAM 7
779bb8b16ab9d1f078f21394229c0a63,TF_ACULEI_07072022-16883.jpg,fox,First Quarter,825,2022-07-07 14:22:49,CAM 7
34744172d39bfda2749a1a2eb92475cf,TF_ACULEI_14012021-96.jpg,porcupine,New Moon,22,2021-01-14 00:12:37,CAM 7
7d1b17a448b00e9fb04474b884bc12a4,TF_ACULEI_01072022-16820.jpg,wild boar,Waxing Crescent,20,2022-07-01 22:02:38,CAM 7
5dafb846b7cb4ff2dd75c93062ea6f9e,TF_ACULEI_25012023-22680.jpg,fox,Waxing Crescent,0,2023-01-25 05:51:19,CAM 7
d8dc66e4dd73683976d9aa19682b49c6,TF_ACULEI_07072022-16882.jpg,deer,First Quarter,26,2022-07-07 12:32:40,CAM 7
04d87c339d796d69b60569ba93f22810,TF_ACULEI_12012021-85.jpg,wild boar,New Moon,,2021-01-12 06:28:25,CAM 7
65aa932bb000e552e8c3ed259605dee6,TF_ACULEI_08092022-17816.jpg,porcupine,Waxing Gibbous,17,2022-09-08 23:36:52,CAM 7
8cacd03f5f2ca442a8c8e2edacd8f00a,TF_ACULEI_06012021-27.jpg,porcupine,Last Quarter,19,2021-01-06 01:03:57,CAM 7
b1e95b94b75d5b14e8f1b0d833c2dd9a,TF_ACULEI_08102022-18363.jpg,porcupine,Full Moon,12,2022-10-08 19:24:00,CAM 7
12a6cbcce45bef39d73e6e4335d63c48,TF_ACULEI_23012021-177.jpg,porcupine,Waxing Gibbous,15,2021-01-23 03:14:36,CAM 7
1e93ae0d2726330f2553409deecb3941,TF_ACULEI_10012023-21666.jpg,fox,Waning Gibbous,,2023-01-10 01:23:25,CAM 7
bcde2b7d87a01f0af70628b18f652587,TF_ACULEI_07012021-37.jpg,hare,Last Quarter,1,2021-01-07 02:40:18,CAM 7
2c93c1bf961207ed1419b51cb9d877b8,TF_ACULEI_04012021-02.jpg,cat,Waning Gibbous,,2021-01-04 02:05:11,CAM 7
9f9b56d55e0b6424917dbe1c50e7f0c1,TF_ACULEI_02092022-17749.jpg,wild boar,First Quarter,19,2022-09-02 18:10:32,CAM 7
c6575614ad44383236d789c7a86a2468,TF_ACULEI_17022021-400.jpg,fox,Waxing Crescent,17,2021-02-17 00:50:38,CAM 7
01d4536830ba05ee0b210ace74b81d1f,TF_ACULEI_06012021-31.jpg,deer,Last Quarter,6,2021-01-06 04:28:56,CAM 7
06017dda12f1057d119cb1848e6e15d4,TF_ACULEI_09012021-59.jpg,fox,Waning Crescent,24,2021-01-09 22:05:52,CAM 7
5fe9cb8391ce8b211f81a83fa909c6eb,TF_ACULEI_02092022-17758.jpg,wild boar,First Quarter,19,2022-09-02 18:37:21,CAM 7
596f5140ddf72f247b5fa490861927c9,TF_ACULEI_04102023-123.jpg,porcupine,Waning Gibbous,13,2023-10-04 22:03:59,CAM 7
15fa649dff6f0bfc2982bfcf332b702d,TF_ACULEI_05082022-17418.jpg,porcupine,First Quarter,22,2022-08-05 23:33:04,CAM 7
37d9530f60e6bb92b4f3664bb8004974,TF_ACULEI_06012021-34.jpg,badger,Last Quarter,17,2021-01-06 06:10:19,CAM 7
baef55c0f4ed78bfa7fa5f84ef58a817,TF_ACULEI_10012023-21662.jpg,fox,Waning Gibbous,,2023-01-10 01:18:03,CAM 7
c7afab0524bcfbb77c9cd91d14d416fb,TF_ACULEI_29092022-18091.jpg,porcupine,Waxing Crescent,13,2022-09-29 01:21:06,CAM 7
a9a7ded2350d149621264466adf75ed9,TF_ACULEI_22012021-169.jpg,badger,Waxing Gibbous,817,2021-01-22 23:10:33,CAM 7
ad09c1286d2a37312979a9f3ed046108,TF_ACULEI_14012021-100.jpg,squirrel,New Moon,,2021-01-14 05:34:51,CAM 7
3139f122dca8d9d26921348a4870c2ed,TF_ACULEI_20012023-22219.jpg,heron,New Moon,,2023-01-20 18:07:59,CAM 6
6ef4837942216c1e0f2bea5c8ca0202a,TF_ACULEI_27042023-25810.jpg,heron,First Quarter,15,2023-04-27 19:10:31,CAM 6
f151bd40d2c5db499a133aff881e5d3c,TF_ACULEI_22022023-24088.jpg,badger,Waxing Crescent,,2023-02-22 04:37:30,CAM 6
7b9f83b970eee7e32ccf370de9fd7d38,TF_ACULEI_03032023-24276.jpg,heron,Waxing Gibbous,1,2023-03-03 23:36:32,CAM 6
d3638d2f99ef566dc2cd57ee001f671b,TF_ACULEI_23022024-1782.jpg,heron,Full Moon,,2024-02-23 19:30:24,CAM 6
3ba8d44702a310d584a49d6446e4b7e3,TF_ACULEI_03032023-24277.jpg,heron,Waxing Gibbous,1,2023-03-03 23:36:33,CAM 6
4aff23278b4a6ea058975332749d928d,TF_ACULEI_18112022-19554.jpg,deer,Waning Crescent,,2022-11-18 20:45:11,CAM 6
19e528d19faff5dbe58a52df59643877,TF_ACULEI_09012023-21646.jpg,fox,Waning Gibbous,6,2023-01-09 18:31:48,CAM 6
fc7ec8c0b03db1615135c4e9ada84128,TF_ACULEI_23012023-22498.jpg,mallard,Waxing Crescent,2,2023-01-23 18:54:06,CAM 6
6cd8a59bd7ffb38b518e7da0e6ed380e,TF_ACULEI_06052023-25999.jpg,deer,Full Moon,7,2023-05-06 05:41:21,CAM 6
728a64f4078e26f51be04a7b225a1054,TF_ACULEI_29042023-25862.jpg,human,Waxing Gibbous,16,2023-04-29 18:42:26,CAM 6
75afefa94bfca7a3990dfa584c95f316,TF_ACULEI_09052022-15811.jpg,heron,First Quarter,6,2022-05-09 06:29:15,CAM 6
d1b9773f7ed42e035c45c4ee834f5cde,TF_ACULEI_21012023-22337.jpg,heron,New Moon,,2023-01-21 05:36:02,CAM 6
63f24d431a54237b29065e1f5e84488f,TF_ACULEI_07022023-23541.jpg,deer,Full Moon,4,2023-02-07 00:23:09,CAM 6
3aea1ec5f795c73022660d36d315d523,TF_ACULEI_21042023-25682.jpg,hare,New Moon,,2023-04-21 00:55:16,CAM 6
aad2a6ea316f5e5222184f0b55cf5c33,TF_ACULEI_13012023-21827.jpg,hare,Last Quarter,6,2023-01-13 22:16:07,CAM 6
aa85feb988ec258a141d725e14159d64,TF_ACULEI_03032023-24275.jpg,heron,Waxing Gibbous,1,2023-03-03 23:36:32,CAM 6
597eb3529d27cbe5a59fbea27bfd671f,TF_ACULEI_20012023-22233.jpg,heron,New Moon,,2023-01-20 21:08:42,CAM 6
6a9134766a6300ab5d543d8780806ff6,TF_ACULEI_08042022-15270.jpg,buzzard,First Quarter,7,2022-04-08 07:07:52,CAM 6
436e88f8d5139692ec2881478adb0d2c,TF_ACULEI_19032023-24634.jpg,wild boar,Waning Crescent,4,2023-03-19 06:32:40,CAM 6
de1514e1aa9eff84d1fd7861364b76f5,TF_ACULEI_14092023-28463.jpg,wild boar,New Moon,17,2023-09-14 02:35:59,CAM 6
b430f36552f4419c5dbdf051882de5e6,TF_ACULEI_27102023-612.jpg,hare,Full Moon,13,2023-10-27 23:09:44,CAM 6
1390cc8cd32b46ba5511cbdab6571fe5,TF_ACULEI_09062022-16277.jpg,fox,Waxing Gibbous,15,2022-06-09 21:51:25,CAM 6
c09a4ae40e8eb2ad9a3476abf1d2647e,TF_ACULEI_17072023-27613.jpg,heron,New Moon,28,2023-07-17 19:36:52,CAM 6
2277fbfe4678655b6a4cf0e94b971c17,TF_ACULEI_10122022-20514.jpg,porcupine,Waning Gibbous,,2022-12-10 19:01:30,CAM 6
fd77bd45ef9a8657304c5527055cea69,TF_ACULEI_21042023-25679.jpg,deer,New Moon,4,2023-04-21 00:54:12,CAM 6
3ec6a796dee8ec7bada2799d62dd5b1a,TF_ACULEI_18012023-22010.jpg,badger,Waning Crescent,2,2023-01-18 02:32:18,CAM 6
f14e40e87729d4a7876c7691274df359,TF_ACULEI_14092023-28462.jpg,deer,New Moon,17,2023-09-14 02:34:29,CAM 6
ab92c22c2ca4aae7defd080c3bd5ab2f,TF_ACULEI_21042023-25690.jpg,fox,New Moon,,2023-04-21 20:15:10,CAM 6
ff0638165dc08de52c44a737c83a4056,TF_ACULEI_26012023-22730.jpg,fox,Waxing Crescent,2,2023-01-26 00:21:15,CAM 6
1fb39221e74c26fde63c2d96e5ef441e,TF_ACULEI_29112022-20195.jpg,hare,Waxing Crescent,2,2022-11-29 04:03:54,CAM 6
9eaecbb927e4f1c845c20e26b2ecd31e,TF_ACULEI_14042022-15469.jpg,heron,Full Moon,20,2022-04-14 19:10:35,CAM 6
ccb4d20ac3b4a2e082d311ca232a055b,TF_ACULEI_04022023-23404.jpg,mallard,Full Moon,,2023-02-04 20:38:38,CAM 6
20795837292ad4880b0198f4ab95e64b,TF_ACULEI_18042022-15501.jpg,heron,Waning Gibbous,,2022-04-18 20:20:14,CAM 6
f742a73b3602ac255215902b7e79a619,TF_ACULEI_05052023-25969.jpg,deer,Full Moon,,2023-05-05 07:35:12,CAM 6
bf90e350a305553ec7470b59cfa1125f,TF_ACULEI_27042022-15643.jpg,mallard,Waning Crescent,3,2022-04-27 06:14:18,CAM 6
227c57c1f114917683be8cd05c482375,TF_ACULEI_22012024-1504.jpg,heron,Waxing Gibbous,3,2024-01-22 19:40:25,CAM 6
d63943fd3cedeb8e31679e56e6b89655,TF_ACULEI_30122024-23.jpg,heron,New Moon,3,2024-12-30 10:04:14,CAM 6
a44a6d40e899d8613119f30f5d2aab2c,TF_ACULEI_17032022-14745.jpg,buzzard,Full Moon,7,2022-03-17 07:58:46,CAM 6
8aa3a1cac65cd24be49d44c3c46bc79f,TF_ACULEI_26012023-22780.jpg,badger,Waxing Crescent,0,2023-01-26 22:56:53,CAM 6
4fed38a4f6d18a5d7882e9c48caf75c6,TF_ACULEI_19092023-28544.jpg,deer,Waxing Crescent,20,2023-09-19 03:12:26,CAM 6
0f8d593ffc78bd3fa9a0b63b223930eb,TF_ACULEI_11032024-1934.jpg,heron,New Moon,,2024-03-11 20:28:41,CAM 6
5659b86bdf5101dcccd0b5806bd4e65e,TF_ACULEI_17032022-14744.jpg,buzzard,,,,CAM 6
20a862209a2286d4ed9c81288ec3ebd7,TF_ACULEI_20012023-22247.jpg,heron,New Moon,,2023-01-20 21:46:45,CAM 6
e2a5d06ffebbc753942bcf90f5a23a9b,TF_ACULEI_22012023-22461.jpg,fox,New Moon,2,2023-01-22 04:48:36,CAM 6
0d13de2d42860b82efe0dbd2d610dc45,TF_ACULEI_18042022-15500.jpg,mallard,Waning Gibbous,3,2022-04-18 06:46:39,CAM 6
fdd121933d89082ce23632ea021ff257,TF_ACULEI_18042022-15502.jpg,heron,Waning Gibbous,7,2022-04-18 20:27:10,CAM 6
5e0ab827faa05c0c47615aac50de983e,TF_ACULEI_21012025-35.jpg,buzzard,Last Quarter,,2025-01-21 13:26:31,CAM 6
76f9cfe661217a67f400bac14918389a,TF_ACULEI_20112022-19667.jpg,heron,Waning Crescent,3,2022-11-20 07:27:53,CAM 6
d65c5b4f60fa57b14faf2bc175786a1b,TF_ACULEI_15042022-15483.jpg,heron,Full Moon,4,2022-04-15 07:23:21,CAM 6
d9d5007e3fad89a688b16147bc33b6d0,TF_ACULEI_07022023-23537.jpg,fox,Full Moon,4,2023-02-07 00:20:37,CAM 6
0380f2a459762187b2d3d6edebe45bd8,TF_ACULEI_08012024-1421.jpg,wild boar,Waning Crescent,3,2024-01-08 20:33:20,CAM 6
bad276162727644e7c8a0304646aa4b5,TF_ACULEI_18012023-22062.jpg,wild boar,Waning Crescent,1,2023-01-18 22:02:07,CAM 6
a787c0e0f39b948930ee23b92d5e8c8e,TF_ACULEI_31072022-17326.jpg,human,Waxing Crescent,31,2022-07-31 19:42:59,CAM 6
250e24575247d5845d278cbf52f4579d,TF_ACULEI_08022022-14275.jpg,fox,First Quarter,,2022-02-08 21:12:07,CAM 6
3a7b655f0018d41b43514af072eba4d1,TF_ACULEI_17012023-21974.jpg,fox,Waning Crescent,6,2023-01-17 04:01:09,CAM 6
b9e419c44cf97fb76e984fe3a2c16023,TF_ACULEI_25092022-17978.jpg,fox,New Moon,14,2022-09-25 22:24:36,CAM 6
46feb0843d6bfa7b1dad84530b8fd03c,TF_ACULEI_03042023-25096.jpg,hare,Waxing Gibbous,8,2023-04-03 01:41:58,CAM 6
04dbdbfa40b2097acd5e332503db1e07,TF_ACULEI_19092023-28543.jpg,deer,Waxing Crescent,6,2023-09-19 03:11:11,CAM 6
de61a9b03e3a4187c4bf8dbc054ab595,TF_ACULEI_17092023-28518.jpg,deer,Waxing Crescent,19,2023-09-17 23:20:16,CAM 6
a43ce7a06d0e830ae84e0132d48f0dc6,TF_ACULEI_17092023-28524.jpg,deer,Waxing Crescent,19,2023-09-17 23:24:09,CAM 6
6aa29177cbeca14a186b55c2957b5efb,TF_ACULEI_30122024-24.jpg,heron,New Moon,3,2024-12-30 10:10:38,CAM 6
440719a50a9b1e3a749923903701d407,TF_ACULEI_29032023-24923.jpg,deer,First Quarter,11,2023-03-29 18:32:47,CAM 6
8dcb1a49b8f228b74c92e5abbe97a97c,TF_ACULEI_28022023-24223.jpg,badger,First Quarter,,2023-02-28 04:58:30,CAM 6
671e1da4145009b173c8285937c13c5b,TF_ACULEI_04022023-23401.jpg,heron,Full Moon,2,2023-02-04 19:02:32,CAM 6
8ad080c76011c530ff43e60511cbcb9b,TF_ACULEI_08022022-14262.jpg,fox,First Quarter,12,2022-02-08 19:11:20,CAM 6
76eab10a16f1988d330d074b33af2057,TF_ACULEI_19012023-22174.jpg,heron,Waning Crescent,1,2023-01-19 22:31:06,CAM 6
acc7d48382b63148b9f5e168e5815388,TF_ACULEI_02122022-20324.jpg,fox,First Quarter,2,2022-12-02 21:10:30,CAM 6
b09726e8f6f8c5b1219d5918fcfbdd93,TF_ACULEI_05042022-15183.jpg,mallard,Waxing Crescent,8,2022-04-05 19:29:09,CAM 6
1d328cd8c79b88d25654378b05034ca9,TF_ACULEI_22062023-27295.jpg,human,Waxing Crescent,34,2023-06-22 18:21:22,CAM 6
91b4b29654ff2d3baf9ddfff8f9f1c10,TF_ACULEI_26072022-17226.jpg,deer,,,,CAM 6
772f9c3a2767819a01b6325d15ca6872,TF_ACULEI_22062023-27322.jpg,porcupine,Waxing Crescent,22,2023-06-22 22:47:32,CAM 6
d4cf222317fe3059e68c4daa29f7295c,TF_ACULEI_11012025-12.jpg,fox,Waxing Gibbous,2,2025-01-11 22:52:42,CAM 6
d753e70ae6339db48a8adb59f2a862b4,TF_ACULEI_09022023-23639.jpg,deer,Waning Gibbous,5,2023-02-09 06:21:50,CAM 6
454f7b23cf8177a2a88d1d8e7e971c0a,TF_ACULEI_17012023-21984.jpg,fox,Waning Crescent,6,2023-01-17 06:15:30,CAM 6
802e51321588fd525a958ed6d04adcf1,TF_ACULEI_06112022-19089.jpg,deer,Waxing Gibbous,,2022-11-06 05:12:55,CAM 6
988dbca9c05e65dca6f1780d7bc80aa8,TF_ACULEI_20052022-16003.jpg,porcupine,Waning Gibbous,8,2022-05-20 04:10:49,CAM 6
4443ac61da9abb3f7f1101fd30b45d41,TF_ACULEI_07052023-26087.jpg,hare,Waning Gibbous,17,2023-05-07 23:22:08,CAM 6
11ae35a24c793406ab2e17bc99f0db44,TF_ACULEI_27022023-24212.jpg,heron,First Quarter,,2023-02-27 06:57:00,CAM 6
825b5837a4451c801554ed0d793bf21e,TF_ACULEI_14012025-20.jpg,mallard,Full Moon,4,2025-01-14 22:42:22,CAM 6
b160f72b550efb14a42803cfaf6e14ed,TF_ACULEI_18032023-24610.jpg,fox,Waning Crescent,,2023-03-18 23:08:32,CAM 6
eed175cfbef3731cbd22a977293c990a,TF_ACULEI_21012023-22388.jpg,mallard,New Moon,,2023-01-21 20:51:58,CAM 6
523a14da42e52b2697ea8ed5a25a078c,TF_ACULEI_30012023-22990.jpg,heron,First Quarter,9,2023-01-30 07:14:11,CAM 6
0c28cb0e376319c31247b11fb6c96626,TF_ACULEI_23012023-22592.jpg,fox,Waxing Crescent,4,2023-01-23 23:29:44,CAM 6
455d8e81ca250e901990ee024e6052ac,TF_ACULEI_17012023-21987.jpg,fox,Waning Crescent,4,2023-01-17 18:01:32,CAM 6
eea55dfd7c32bef273372404f2944ab9,TF_ACULEI_14032024-1972.jpg,heron,Waxing Crescent,,2024-03-14 19:29:31,CAM 6
16d20b9ed5245cd7f2fa4598a3c71da0,TF_ACULEI_11052022-15823.jpg,heron,Waxing Gibbous,8,2022-05-11 06:55:29,CAM 6
17a9b528a7538b7c510128a552050374,TF_ACULEI_20052022-16014.jpg,deer,Waning Gibbous,20,2022-05-20 21:50:05,CAM 6
48c4650498c4845603c4f448a2133a16,TF_ACULEI_31102023-672.jpg,deer,Waning Gibbous,,2023-10-31 21:42:05,CAM 6
18c193bc254188503a34adb1da80e53e,TF_ACULEI_17092023-28514.jpg,hare,Waxing Crescent,19,2023-09-17 22:56:39,CAM 6
6b159e567d7454a7bf3bbd7e0e49e336,TF_ACULEI_13062023-27154.jpg,deer,Waning Crescent,13,2023-06-13 01:56:39,CAM 6
dfde5838e7575cc141d0fc771c7b8465,TF_ACULEI_24062023-27364.jpg,deer,First Quarter,17,2023-06-24 23:04:14,CAM 6
9da717ef3eced8ff79c361f5dd4e7871,TF_ACULEI_10062022-16378.jpg,porcupine,Waxing Gibbous,,2022-06-10 04:33:30,CAM 6
8320a36dc823e13a342643e73b2d7ffe,TF_ACULEI_23112023-968.jpg,heron,Waxing Gibbous,4,2023-11-23 20:27:46,CAM 6
12870f1bc31b1614c9d072481e0f8250,TF_ACULEI_24022023-24122.jpg,deer,Waxing Crescent,4,2023-02-24 07:50:01,CAM 6
2aa44180d82b4df16463eba2be5eda15,TF_ACULEI_11052022-15826.jpg,heron,Waxing Gibbous,,2022-05-11 23:26:41,CAM 6
17c1eb52135dce0e461394af69a83796,TF_ACULEI_02112022-18878.jpg,deer,First Quarter,,2022-11-02 02:18:59,CAM 6
f876e1defb1ae18b9b9afae9be15a627,TF_ACULEI_19012023-22142.jpg,mallard,Waning Crescent,,2023-01-19 20:16:24,CAM 6
8d779f6df4c26d38cee67bf91efc8665,TF_ACULEI_20052022-16011.jpg,deer,Waning Gibbous,20,2022-05-20 21:46:24,CAM 6
31745c54db5e76a8b99eaf6e92a80778,TF_ACULEI_15082023-27989.jpg,buzzard,New Moon,28,2023-08-15 18:19:20,CAM 6
ec785536abb9293e5b11ebfe639c3470,TF_ACULEI_27052023-26566.jpg,fox,First Quarter,11,2023-05-27 02:44:00,CAM 6
91e53a8d1af98ebc925e601cf9957ffa,TF_ACULEI_16012023-21925.jpg,fox,Last Quarter,,2023-01-16 01:27:52,CAM 6
c786d0c8c73acbbb16425f6ed8aa4522,TF_ACULEI_20052022-16010.jpg,deer,Waning Gibbous,20,2022-05-20 21:45:23,CAM 6
d5f4a7c62a205c9ff01693d12239cb93,TF_ACULEI_19012023-22143.jpg,mallard,Waning Crescent,,2023-01-19 20:23:13,CAM 6
79078bdceb3ee7a11f39f1d7f570593e,TF_ACULEI_13062023-27151.jpg,deer,Waning Crescent,13,2023-06-13 01:18:06,CAM 6
4cdda832498c417f0b59be18e97c59e1,TF_ACULEI_17012023-21968.jpg,badger,Waning Crescent,5,2023-01-17 02:38:13,CAM 6
b7411d247428dc3c303ccb88284a0b9c,TF_ACULEI_18032022-14761.jpg,wild boar,Full Moon,,2022-03-18 03:51:58,CAM 6
8d8957249a7e39e50a341ca7855cfd7f,TF_ACULEI_27092023-28686.jpg,wild boar,Waxing Gibbous,14,2023-09-27 00:31:07,CAM 6
0fb1039162411eddf9b3347b65fbcccd,TF_ACULEI_21022023-24063.jpg,fox,New Moon,,2023-02-21 02:33:18,CAM 6
2847e9b687ec6ce997b1a52650d347e8,TF_ACULEI_22042023-25708.jpg,deer,New Moon,4,2023-04-22 01:02:29,CAM 6
5a5f05ff4ad4dff1d664f08eb07053bc,TF_ACULEI_21092023-28578.jpg,deer,First Quarter,16,2023-09-21 01:16:40,CAM 6
b99861f9e6a56d58370834aec464c731,TF_ACULEI_22012023-22444.jpg,fox,New Moon,2,2023-01-22 02:39:24,CAM 6
6961c42f83dad650f6d7582741e9f04c,TF_ACULEI_11032024-1939.jpg,deer,New Moon,5,2024-03-11 21:25:28,CAM 6
511f581d17f25218cce002abbbb9b6ab,TF_ACULEI_20052022-16012.jpg,deer,Waning Gibbous,20,2022-05-20 21:47:27,CAM 6
7637a68045e87b436d3cfa887432e637,TF_ACULEI_19012023-22183.jpg,fox,New Moon,,2023-01-19 23:33:10,CAM 6
3e9dd0dc30f7b3427043943de562d3c7,TF_ACULEI_13062023-27152.jpg,deer,Waning Crescent,13,2023-06-13 01:19:16,CAM 6
8a4366a96a260691500a68cd8d6f6b1d,TF_ACULEI_07022023-23538.jpg,fox,Full Moon,4,2023-02-07 00:21:38,CAM 6
60cedf7865b7d1edcf406194d1e7d901,TF_ACULEI_17012023-21994.jpg,porcupine,Waning Crescent,,2023-01-17 20:22:37,CAM 6
fe0af0b64920c8bc67275a5a6d9a3ac6,TF_ACULEI_21092023-28579.jpg,hare,First Quarter,16,2023-09-21 01:17:52,CAM 6
42ba19e36a0bdd03a01c32c8d3f00c19,TF_ACULEI_21012023-22301.jpg,heron,New Moon,,2023-01-21 01:18:03,CAM 6
d24923e44ed1b22aecc27f0a028550d8,TF_ACULEI_18012023-22036.jpg,heron,Waning Crescent,1,2023-01-18 19:11:48,CAM 6
01babfa8e43fcfd7f1f7653d8f45fe93,TF_ACULEI_20012023-22198.jpg,mallard,New Moon,,2023-01-20 01:09:58,CAM 6
b1ad39633b035bbf365398d2dad6d821,TF_ACULEI_28012024-1534.jpg,porcupine,,3,,CAM 6
de748170fc4bc064c38d20e2b151bb99,TF_ACULEI_11122022-20557.jpg,porcupine,Waning Gibbous,,2022-12-11 01:25:15,CAM 6
fa1314c45a3bfdcd4bc0938623f346aa,TF_ACULEI_30092022-18123.jpg,porcupine,Waxing Crescent,15,2022-09-30 20:43:54,CAM 6
c3653e17838b726f4bef8860214b1f11,TF_ACULEI_04122023-1098.jpg,horse,Last Quarter,2,2023-12-04 23:15:29,CAM 6
85e93d99788ed3fe97c59804002fb5ca,TF_ACULEI_31012023-23122.jpg,mallard,Waxing Gibbous,1,2023-01-31 19:29:51,CAM 6
85720e0e00468ca87bff1901872a91c7,TF_ACULEI_21062023-27281.jpg,human,Waxing Crescent,30,2023-06-21 19:12:36,CAM 6
4ba3af9d0650661691d68b68c8452b60,TF_ACULEI_04012023-21479.jpg,fox,,,,CAM 6
853bf983ea4b3399b31d3a19c6a8a08b,TF_ACULEI_19092023-28539.jpg,deer,Waxing Crescent,17,2023-09-19 00:03:33,CAM 6
38a47e72ca35255d4d7158ffc8715666,TF_ACULEI_19012023-22119.jpg,heron,Waning Crescent,,2023-01-19 19:04:47,CAM 6
a0de21749bf7fd408b3ef3320acf04a2,TF_ACULEI_02052023-25905.jpg,wild boar,Waxing Gibbous,16,2023-05-02 18:05:02,CAM 6
684ca0d68d004929a1314ef6bd248ea0,TF_ACULEI_09052022-15809.jpg,wild boar,First Quarter,7,2022-05-09 05:22:34,CAM 6
db4148b2c787c50e8e964dca4cd4e1e7,TF_ACULEI_06042023-25219.jpg,fox,,5,,CAM 6
91c1ce2564a17f521efdb39b081f412e,TF_ACULEI_27082022-17690.jpg,wild boar,New Moon,18,2022-08-27 01:24:21,CAM 6
30b74437bd6c67b0c2a25f64fb1f446b,TF_ACULEI_07052023-26034.jpg,deer,,8,,CAM 6
a5d0c76d29763adfc075ed1bf3348657,TF_ACULEI_19012023-22120.jpg,heron,Waning Crescent,,2023-01-19 19:04:47,CAM 6
feac0b019660bd642d4a0096676349d3,TF_ACULEI_15032022-14697.jpg,wild boar,Full Moon,,2022-03-15 23:20:48,CAM 6
c16754dc42a7ab357dc25d9bca4b68d5,TF_ACULEI_14082023-27971.jpg,wild boar,New Moon,17,2023-08-14 22:23:38,CAM 6
3bdecf89103f838cfec802137d9ca250,TF_ACULEI_21052022-16028.jpg,hare,Waning Gibbous,10,2022-05-21 03:03:01,CAM 6
dd921d0f1e2554e127409c713c3aaf30,TF_ACULEI_31012023-23124.jpg,mallard,Waxing Gibbous,1,2023-01-31 19:29:51,CAM 6
16e260851e77a942ae7ae052f34d80bd,TF_ACULEI_14012023-21839.jpg,fox,Last Quarter,4,2023-01-14 03:28:02,CAM 6
0f5d7e0894c847488ae037ee1de5b207,TF_ACULEI_10122022-20537.jpg,fox,Waning Gibbous,,2022-12-10 20:09:35,CAM 6
3ab122b1dc71753e60def7ce04d855e3,TF_ACULEI_18012023-22026.jpg,fox,Waning Crescent,2,2023-01-18 18:00:14,CAM 6
0df2865f21cf36ad0ab7cec4659941fd,TF_ACULEI_29042023-25852.jpg,porcupine,First Quarter,16,2023-04-29 07:59:11,CAM 6
61cd6ac133b69938e34c63855373a9fc,TF_ACULEI_25052022-16068.jpg,deer,Last Quarter,17,2022-05-25 00:28:55,CAM 6
681f529622ff83c97f3b51e41a0d27a2,TF_ACULEI_17072021-10367.jpg,fox,First Quarter,15,2021-07-17 02:58:12,CAM 1
ba5644fc16cf05f66f26ccd23a597f90,TF_ACULEI_08062021-4095.jpg,wild boar,Waning Crescent,18,2021-06-08 02:03:34,CAM 1
c3e2f2aa3c15f524c4aa1e1c1ec5534a,TF_ACULEI_08062021-4094.jpg,wild boar,Waning Crescent,18,2021-06-08 02:03:25,CAM 1
43939541aa724fe42d966d3a22d1a79a,TF_ACULEI_10062021-4409.jpg,wild boar,New Moon,19,2021-06-10 21:37:38,CAM 1
f68b7c1396bbb6c43446577a6ee7693e,TF_ACULEI_08062021-4097.jpg,wild boar,Waning Crescent,18,2021-06-08 02:03:52,CAM 1
4712e73240820a2e2f57b1d7a6528b3f,TF_ACULEI_13082021-11640.jpg,deer,First Quarter,26,2021-08-13 21:29:32,CAM 1
56463a2829585f43620e8eb497f05619,TF_ACULEI_14072021-10293.jpg,wild boar,Waxing Crescent,6,2021-07-14 06:43:25,CAM 1
eac4b91b6a9319c5b8d62770546a4e08,TF_ACULEI_25052021-1789.jpg,wild boar,Full Moon,11,2021-05-25 23:56:47,CAM 1
3d4fc935ea58647debbff3f72c6e02a5,TF_ACULEI_25052021-1560.jpg,wild boar,Full Moon,11,2021-05-25 23:12:05,CAM 1
22fe3e0e3f1d7beeb8f640f9ace99f64,TF_ACULEI_08062021-3475.jpg,wild boar,Waning Crescent,17,2021-06-08 00:13:30,CAM 1
1e8198e4886e1cfbf114fcf5674a1ed0,TF_ACULEI_20062021-7008.jpg,wild boar,Waxing Gibbous,21,2021-06-20 02:21:59,CAM 1
c88afb242ee085cb2fe3e36f1cc274a5,TF_ACULEI_17062021-5923.jpg,wild boar,First Quarter,17,2021-06-17 02:49:39,CAM 1
6ba7d7c47796db218e237c86dcd6cfd7,TF_ACULEI_02062021-2849.jpg,wild boar,Last Quarter,15,2021-06-02 00:40:15,CAM 1
404b937f22a8afae7cc500a3f1048b03,TF_ACULEI_02092021-11775.jpg,fox,Waning Crescent,14,2021-09-02 03:08:36,CAM 1
647efb0aed2be18bd333049062fc07ce,TF_ACULEI_27052021-2309.jpg,porcupine,Full Moon,17,2021-05-27 22:38:29,CAM 1
3bd3208d8a8062dce552d256fafc1b3d,TF_ACULEI_10062021-4293.jpg,wild boar,New Moon,,2021-06-10 01:43:22,CAM 1
9df9dbc7f3b644cb836d8ba88b237c7e,TF_ACULEI_10062021-4522.jpg,wild boar,New Moon,19,2021-06-10 21:54:27,CAM 1
734512890016eba6d7ed3be344181bb3,TF_ACULEI_20112021-12869.jpg,porcupine,Full Moon,5,2021-11-20 23:34:48,CAM 1
d67e62f2c95451f1f16a2f34f0cb67c5,TF_ACULEI_08062021-3956.jpg,porcupine,Waning Crescent,18,2021-06-08 01:39:20,CAM 1
264c1460012e7e326069cef2d545ef7a,TF_ACULEI_22052021-1316.jpg,fox,Waxing Gibbous,11,2021-05-22 00:22:21,CAM 1
3add78b04c79c098441fc65bba94a8fd,TF_ACULEI_25052021-1467.jpg,wild boar,Full Moon,,2021-05-25 02:38:24,CAM 1
f59f86b5423da597253dba23fd77bab9,TF_ACULEI_31052021-2426.jpg,badger,Waning Gibbous,11,2021-05-31 02:24:55,CAM 1
8d860c5e504a5735b0055f552e8fc4ec,TF_ACULEI_09062021-4219.jpg,fox,New Moon,14,2021-06-09 02:42:07,CAM 1
24ad457b06ed04540ae7a543ba4f14ae,TF_ACULEI_26052021-1825.jpg,wild boar,Full Moon,11,2021-05-26 00:01:59,CAM 1
b1d4b561b1d5cc0a6474a460500698ae,TF_ACULEI_08062021-3987.jpg,wild boar,Waning Crescent,18,2021-06-08 01:44:14,CAM 1
0c07cf287fb66ef24710aa1309430fee,TF_ACULEI_17062021-6133.jpg,wild boar,First Quarter,20,2021-06-17 23:18:44,CAM 1
03480c4d929621c20514301a484c29ea,TF_ACULEI_16062021-5745.jpg,wild boar,First Quarter,19,2021-06-16 00:39:57,CAM 1
088fd790de98dad96533159ba11b9b3f,TF_ACULEI_01062021-2676.jpg,wild boar,Last Quarter,19,2021-06-01 22:20:35,CAM 1
7ccffc69d5cb19c036193415c688acf9,TF_ACULEI_08062021-3974.jpg,wild boar,Waning Crescent,,2021-06-08 01:42:32,CAM 1
e96e9a6d5b26d4531535828a2cb3bcf5,TF_ACULEI_07082021-11541.jpg,wild boar,New Moon,18,2021-08-07 00:24:55,CAM 1
06ce76e7d74963b862a289e598c48fc1,TF_ACULEI_04062021-3068.jpg,wild boar,Last Quarter,,2021-06-04 01:15:52,CAM 1
e1473f6c59e690a648649d35c5264ad5,TF_ACULEI_27052021-2102.jpg,wild boar,Full Moon,16,2021-05-27 22:07:30,CAM 1
e506b5dbaff542b0655a5a62306764ff,TF_ACULEI_07062021-3357.jpg,wild boar,Waning Crescent,18,2021-06-07 22:54:51,CAM 1
27a8b3ba14d09c8fd15d066d84b02002,TF_ACULEI_08062021-3635.jpg,wild boar,Waning Crescent,17,2021-06-08 00:45:03,CAM 1
1fe3daffa9fee5e9e87a39a84f5ee985,TF_ACULEI_02062021-2954.jpg,fox,Last Quarter,16,2021-06-02 23:46:06,CAM 1
93ef2e40cb74889f113a6b56fc0fb269,TF_ACULEI_27052021-2099.jpg,wild boar,Full Moon,16,2021-05-27 22:07:05,CAM 1
51d76d61c065405c9e6512660d081530,TF_ACULEI_15062021-5124.jpg,wild boar,Waxing Crescent,15,2021-06-15 05:10:33,CAM 1
f5961c8e66c3774a6c99bb01a584fa49,TF_ACULEI_07062021-3257.jpg,fox,Waning Crescent,15,2021-06-07 04:26:26,CAM 1
f09afcebefe1d418fcb58cedf8f00951,TF_ACULEI_27052021-2015.jpg,wild boar,Full Moon,16,2021-05-27 21:52:43,CAM 1
3359039f9640669d192d619d85713d90,TF_ACULEI_10062021-4614.jpg,wild boar,New Moon,19,2021-06-10 22:09:43,CAM 1
98cb39c95bb3d071d8921b57781f4b21,TF_ACULEI_25052021-1550.jpg,badger,Full Moon,11,2021-05-25 23:10:45,CAM 1
c2f1c29d26b7aca83b57f05e45657b60,TF_ACULEI_16082021-11651.jpg,wild boar,First Quarter,24,2021-08-16 23:32:47,CAM 1
52ea20086a8a0e5fbec4c593d19296e4,TF_ACULEI_07062021-3308.jpg,wild boar,Waning Crescent,15,2021-06-07 04:38:12,CAM 1
b89fbe7304a8c1528c5d6bf253c9b3ba,TF_ACULEI_16092021-11930.jpg,wild boar,Waxing Gibbous,18,2021-09-16 01:58:06,CAM 1
09308fd5850140494a00fafbf5c88e0a,TF_ACULEI_25052021-1743.jpg,wild boar,Full Moon,11,2021-05-25 23:45:17,CAM 1
40bdaae01eaaff303851d55dd0ad0309,TF_ACULEI_08062021-4064.jpg,wild boar,Waning Crescent,18,2021-06-08 01:58:02,CAM 1
0412676168bc365f60840c5cb3f4cc40,TF_ACULEI_20092021-11976.jpg,fox,Full Moon,,2021-09-20 03:45:22,CAM 1
75cbc813ea51815d2b8db8db30876b7b,TF_ACULEI_25052021-1783.jpg,wild boar,Full Moon,11,2021-05-25 23:56:01,CAM 1
a28e540bed9ec9732df6a3deb83e6d46,TF_ACULEI_15062021-5146.jpg,badger,First Quarter,20,2021-06-15 22:50:21,CAM 1
7bcc21226d46c6f8e80da83c48b6f195,TF_ACULEI_13122023-1169.jpg,wild boar,New Moon,,2023-12-13 19:55:25,CAM 4
2beb2173792d53ab312edc6fd933f942,TF_ACULEI_19072022-17077.jpg,deer,Last Quarter,18,2022-07-19 23:12:29,CAM 4
1c40ce1378eb6e3948aa038d1ccabe09,TF_ACULEI_25072022-17204.jpg,wild boar,Waning Crescent,,2022-07-25 04:53:03,CAM 4
3ee548e974823ad3a49d973a9e1be2a1,TF_ACULEI_31012023-23100.jpg,squirrel,Waxing Gibbous,,2023-01-31 08:37:06,CAM 4
ea9177c3ac2b71e7300539c7f807b0d8,TF_ACULEI_27112023-1025.jpg,wild boar,Full Moon,,2023-11-27 19:38:50,CAM 4
8f1405f5f5342474ab1fa31b2fb351a7,TF_ACULEI_12012022-13847.jpg,wild boar,Waxing Gibbous,1,2022-01-12 18:14:30,CAM 4
395b1a43c6179b1424cc3a1f05cf671f,TF_ACULEI_03012023-21462.jpg,fox,Waxing Gibbous,10,2023-01-03 17:01:18,CAM 4
e2887bf58049d30a4c84fd145f3500d2,TF_ACULEI_19072022-17076.jpg,wild boar,Last Quarter,18,2022-07-19 23:11:05,CAM 4
03905335fc3139f0b64e74c47135535b,TF_ACULEI_14092023-28470.jpg,fox,New Moon,16,2023-09-14 06:09:17,CAM 4
30ecfb73e9b5dff56be681068771b897,TF_ACULEI_23022022-14428.jpg,deer,Last Quarter,,2022-02-23 18:59:25,CAM 4
9e739b0d87a525bfbcb92cff8393d438,TF_ACULEI_25072022-17207.jpg,wild boar,Waning Crescent,,2022-07-25 05:23:52,CAM 4
525d169c3d68051e9fa8ffca742482f4,TF_ACULEI_12032023-24460.jpg,badger,Waning Gibbous,,2023-03-12 02:29:02,CAM 4
268c01364127e60c72b53bf7de8c7f6a,TF_ACULEI_10072022-16916.jpg,porcupine,Waxing Gibbous,12,2022-07-10 02:43:14,CAM 4
ce1ce0cce778fa6424f456beb27c5b8d,TF_ACULEI_12102022-18463.jpg,deer,Waning Gibbous,,2022-10-12 08:05:19,CAM 4
f55f07373533a4390c318bfc3c3923e5,TF_ACULEI_05062023-26784.jpg,wild boar,Full Moon,14,2023-06-05 03:45:58,CAM 4
5128f23f89342bc18969207556fe7d7c,TF_ACULEI_01052022-15745.jpg,fox,New Moon,,2022-05-01 01:40:17,CAM 4
b42db27438fa39f95de23fd0ad3620ac,TF_ACULEI_05072023-27480.jpg,fox,Waning Gibbous,20,2023-07-05 21:31:18,CAM 4
4d52992318c3dca4cc97892d9ea87c70,TF_ACULEI_03022024-1561.jpg,wolf,Last Quarter,1,2024-02-03 06:41:46,CAM 4
4f9390216f6ce03a50db6a819649b53e,TF_ACULEI_07032024-1891.jpg,wild boar,Waning Crescent,,2024-03-07 23:33:39,CAM 4
6687d7fe58f0f68e7c9f6db55fb739f1,TF_ACULEI_31012023-23099.jpg,squirrel,Waxing Gibbous,,2023-01-31 08:37:06,CAM 4
8ef59a228ad66d7854ae8ad75d370a88,TF_ACULEI_24122023-1288.jpg,wild boar,Waxing Gibbous,,2023-12-24 19:41:26,CAM 4
8a8a722a4ccc7c559aae6c1a644c0f1b,TF_ACULEI_19012023-22100.jpg,fox,Waning Crescent,,2023-01-19 06:34:55,CAM 4
d830108ef39558b01faf8bd350e93b0e,TF_ACULEI_31072023-27785.jpg,porcupine,Full Moon,19,2023-07-31 00:43:58,CAM 4
f8fde4dd7bec9a6485cf61266f728acb,TF_ACULEI_19022023-24004.jpg,wild boar,New Moon,,2023-02-19 23:01:34,CAM 4
93d894bcfb6d9024adf325e45b17bbbf,TF_ACULEI_03012022-13502.jpg,deer,New Moon,,2022-01-03 21:44:27,CAM 4
283dc8bc9fffad005aa98fc57044421d,TF_ACULEI_19122023-1241.jpg,fox,First Quarter,,2023-12-19 03:17:27,CAM 4
5f699862b987e58739440aa65b07330c,TF_ACULEI_23092022-17945.jpg,wild boar,Waning Crescent,,2022-09-23 05:49:30,CAM 4
84213e1218474be4564f460ac712d06e,TF_ACULEI_03102023-104.jpg,fox,Waning Gibbous,13,2023-10-03 02:44:39,CAM 4
a15ce59d429863da1f6daf9081f96950,TF_ACULEI_12042023-25437.jpg,wild boar,Last Quarter,,2023-04-12 01:31:41,CAM 4
d8bd2ce4959dc719550b8161a7b4daa1,TF_ACULEI_12052022-15837.jpg,wild boar,Waxing Gibbous,12,2022-05-12 21:57:12,CAM 4
f936f1bc76f292e9f950dfb31e4bdd9d,TF_ACULEI_19122022-20978.jpg,fox,Waning Crescent,3,2022-12-19 02:14:46,CAM 4
8b7d7562986ddf1daf8a975091baf91b,TF_ACULEI_25122022-21154.jpg,human,New Moon,,2022-12-25 01:20:10,CAM 4
1b14565c2585305c3db3d0782b959db1,TF_ACULEI_18022023-23903.jpg,fox,New Moon,,2023-02-18 22:49:57,CAM 4
3f38a12b1983413896cd24121c15dcda,TF_ACULEI_19022022-14401.jpg,deer,Waning Gibbous,,2022-02-19 07:50:07,CAM 4
cb0dc92ba4d740a8a096f6cdddf71b79,TF_ACULEI_11042023-25429.jpg,porcupine,Last Quarter,,2023-04-11 23:28:08,CAM 4
1f06970fecf7f1fbfee441a497bff52d,TF_ACULEI_24102022-18723.jpg,deer,New Moon,,2022-10-24 06:30:28,CAM 4
a8c91eff132893a32502815931fb34c7,TF_ACULEI_07082022-17440.jpg,wild boar,Waxing Gibbous,,2022-08-07 04:55:32,CAM 4
98112784fcdbf21ba246ede13952b799,TF_ACULEI_16022024-1663.jpg,porcupine,First Quarter,,2024-02-16 19:26:11,CAM 4
f4dd160d7ee96089fc5c8de6bd508e7b,TF_ACULEI_10102023-228.jpg,fox,Waning Crescent,11,2023-10-10 05:07:08,CAM 4
9f7d74b17348fb3843b30ec063a77d77,TF_ACULEI_04082022-17377.jpg,porcupine,First Quarter,24,2022-08-04 20:25:46,CAM 4
7f2dd2abfd01d31486af61824837fee7,TF_ACULEI_20072022-17083.jpg,heron,Last Quarter,15,2022-07-20 02:39:10,CAM 4
680f300bf5263708a6d0e494b8eca851,TF_ACULEI_17082022-17597.jpg,deer,Waning Gibbous,18,2022-08-17 00:06:04,CAM 4
5522f6bd5367ce4def436665c9e0ed90,TF_ACULEI_09012022-13796.jpg,fox,First Quarter,3,2022-01-09 23:23:27,CAM 4
f8cc50c126c0321882090999b109237e,TF_ACULEI_26022022-14451.jpg,deer,Waning Crescent,,2022-02-26 00:32:37,CAM 4
ecc0766e0bf3d445bec83f55995c1e01,TF_ACULEI_10092022-17832.jpg,deer,Full Moon,,2022-09-10 18:12:34,CAM 4
15b9772232591b38e17989f0dba2a327,TF_ACULEI_06082022-17432.jpg,fox,First Quarter,,2022-08-06 19:08:31,CAM 4
c7cf5807672e81ae984facf34d59ca24,TF_ACULEI_18082023-28059.jpg,fox,Waxing Crescent,23,2023-08-18 23:00:28,CAM 4
cec36f1e5295a8d8c50ce97c8cd9a495,TF_ACULEI_25022023-24162.jpg,fox,Waxing Crescent,,2023-02-25 20:36:34,CAM 4
8950d1c00cf7be03a9028dad4baf3bea,TF_ACULEI_21032023-24677.jpg,deer,New Moon,,2023-03-21 07:19:52,CAM 4
aa609e46e38cd8f838729c0db4703c18,TF_ACULEI_15102023-383.jpg,deer,New Moon,,2023-10-15 07:45:33,CAM 4
09929724b2fb702b4e0251a551998536,TF_ACULEI_15102023-382.jpg,squirrel,New Moon,,2023-10-15 07:45:32,CAM 4
72a70a6a7e8ee226d8041ffbe7b6acb9,TF_ACULEI_26012022-14081.jpg,badger,Last Quarter,7,2022-01-26 00:40:05,CAM 4
a0de2eed4fd0df76b5aa8136c243b45a,TF_ACULEI_21032023-24700.jpg,deer,New Moon,,2023-03-21 07:50:01,CAM 4
f5a139f6f185504574a8cebb70e2821f,TF_ACULEI_13022022-14337.jpg,deer,Waxing Gibbous,2,2022-02-13 00:32:09,CAM 4
86cab4ef814fdf758589ab73d57af143,TF_ACULEI_23102022-18695.jpg,horse,New Moon,,2022-10-23 17:10:07,CAM 4
18006c5af9d537a41fd7ad17891243f9,TF_ACULEI_02032023-24249.jpg,wild boar,Waxing Gibbous,,2023-03-02 20:13:27,CAM 4
d670099a0d875702451912c1ad1f2e2b,TF_ACULEI_03102022-18212.jpg,buzzard,First Quarter,,2022-10-03 08:32:16,CAM 4
fe2e9373f9981b277a8fb624935ba015,TF_ACULEI_07012022-13720.jpg,wild boar,Waxing Crescent,4,2022-01-07 23:52:30,CAM 4
6f2849304243bf5790dc8d579080deea,TF_ACULEI_09012022-13791.jpg,deer,First Quarter,3,2022-01-09 23:20:51,CAM 4
db47b5943954fe1f6a880fcc473b7ce9,TF_ACULEI_01102023-72.jpg,wild boar,Full Moon,12,2023-10-01 03:23:47,CAM 4
c5531df333e2d87918e231b87f21186d,TF_ACULEI_07012025-163.jpg,deer,First Quarter,,2025-01-07 02:36:56,CAM 4
d7ece74a9edd8c33e1a4b8069df88578,TF_ACULEI_19032023-24651.jpg,porcupine,Waning Crescent,,2023-03-19 21:23:02,CAM 4
278123effc2c5a25eebfa324814f1902,TF_ACULEI_25092023-28662.jpg,porcupine,Waxing Gibbous,11,2023-09-25 00:02:24,CAM 4
5cf68e3324d32e16ad9e161924e12d3f,TF_ACULEI_04012022-13580.jpg,deer,Waxing Crescent,,2022-01-04 22:15:35,CAM 4
2df3b4f44dd38f560ed476b5b7fd4a3e,TF_ACULEI_12042023-25459.jpg,fox,Last Quarter,,2023-04-12 23:29:38,CAM 4
bf8a559c6deb7e16b3b3bac4c0ae071c,TF_ACULEI_09032023-24401.jpg,wild boar,Waning Gibbous,,2023-03-09 17:10:12,CAM 4
21ff332a8e25447538317a2dae2e2c3a,TF_ACULEI_26082022-17685.jpg,deer,New Moon,,2022-08-26 18:05:10,CAM 4
4119b32f1a95bad051af8fa953843f9c,TF_ACULEI_10032023-24428.jpg,squirrel,Waning Gibbous,,2023-03-10 17:09:47,CAM 4
da4cfb1c8247c3bd043f22a09a855189,TF_ACULEI_18032024-2014.jpg,wolf,First Quarter,10,2024-03-18 18:32:46,CAM 4
6d39992181c076b3481a540d9eaf25fb,TF_ACULEI_28092022-18050.jpg,horse,Waxing Crescent,,2022-09-28 18:07:23,CAM 4
04ded798b931ac081b6e490e6db539a5,TF_ACULEI_23012023-22584.jpg,wild boar,Waxing Crescent,3,2023-01-23 21:39:56,CAM 4
b0b5b7cf1154a721ae03338452b19f48,TF_ACULEI_09112023-808.jpg,wild boar,Waning Crescent,,2023-11-09 19:23:30,CAM 4
00666210cd845506796b1ec53b6b8f47,TF_ACULEI_05012023-21522.jpg,wild boar,Full Moon,,2023-01-05 22:59:54,CAM 4
af5ac22369d01c4bea322c9e5948959f,TF_ACULEI_04012022-13555.jpg,wild boar,New Moon,,2022-01-04 02:34:18,CAM 4
9e61de19d727701157cabe8757c464b1,TF_ACULEI_10112023-847.jpg,deer,Waning Crescent,,2023-11-10 18:16:02,CAM 4
d9cf69ee4fe08aa44fe96dca14dccded,TF_ACULEI_23082022-17665.jpg,wild boar,Waning Crescent,,2022-08-23 17:57:29,CAM 4
253b611f0d12932967032ff48e9fef3b,TF_ACULEI_20012022-13975.jpg,porcupine,Waning Gibbous,,2022-01-20 18:23:20,CAM 4
0a3cde0440710288bf6a9547139fb8b1,TF_ACULEI_15052022-15873.jpg,deer,Full Moon,,2022-05-15 07:09:47,CAM 4
4a4b7093dab20d9167413c0717daf00c,TF_ACULEI_18072022-17056.jpg,deer,Waning Gibbous,21,2022-07-18 22:08:39,CAM 4
42d9ed4ceba14056b8e88d360705bcfe,TF_ACULEI_23072022-17142.jpg,wild boar,Waning Crescent,,2022-07-23 05:24:28,CAM 4
0c83f8818fb45abd2b009ed0d44a3a40,TF_ACULEI_23072022-17156.jpg,wild boar,Waning Crescent,,2022-07-23 19:27:20,CAM 4
8ab4216bafaf3ca66d41e44acab4dee7,TF_ACULEI_15032023-24542.jpg,deer,Last Quarter,,2023-03-15 05:39:14,CAM 4
7e0f007a80169876342fdd63dc13233d,TF_ACULEI_18112022-19458.jpg,fox,Last Quarter,11,2022-11-18 00:08:25,CAM 4
510638c92f375299ef170b51c271b9fa,TF_ACULEI_12022023-23755.jpg,badger,Last Quarter,,2023-02-12 23:47:25,CAM 4
0d0d8e2aa8984e5805e7acc6b88ca002,TF_ACULEI_15022023-23816.jpg,wild boar,Waning Crescent,,2023-02-15 21:09:30,CAM 4
d6ef968c4f344f6da8522353909a300c,TF_ACULEI_18072022-17055.jpg,deer,Waning Gibbous,21,2022-07-18 22:07:18,CAM 4
a1d9ce1fed18665690a3ba0c8c210f82,TF_ACULEI_25022023-24141.jpg,wild boar,Waxing Crescent,,2023-02-25 01:09:41,CAM 4
703a3af193736921345cb4c521408e99,TF_ACULEI_07012025-195.jpg,wild boar,First Quarter,,2025-01-07 20:35:11,CAM 4
2d8d15ac3610005cb94c812ae2887d0f,TF_ACULEI_31072022-17329.jpg,fox,Waxing Crescent,20,2022-07-31 22:11:15,CAM 4
36243a30183912485f3ef4c571c57648,TF_ACULEI_13042023-25488.jpg,wild boar,Last Quarter,,2023-04-13 19:19:07,CAM 4
ef5732424dd914528d4bf0c568d31153,TF_ACULEI_08042023-25287.jpg,wild boar,Waning Gibbous,,2023-04-08 03:50:00,CAM 4
f47d35a292acd808d0ced115880db896,TF_ACULEI_31012023-23109.jpg,wild boar,Waxing Gibbous,,2023-01-31 18:34:16,CAM 4
ab605e15cf945758cad8290988b71e21,TF_ACULEI_17052022-15943.jpg,wild boar,Full Moon,,2022-05-17 04:41:21,CAM 4
b5c57720331312337cfcbfcb72d91c8b,TF_ACULEI_03102023-109.jpg,badger,Waning Gibbous,20,2023-10-03 20:54:10,CAM 4
d49bb709d433e0d6279fd7881694583d,TF_ACULEI_13022023-23780.jpg,fox,Last Quarter,,2023-02-13 22:12:43,CAM 4
dff337f9cd357d27c104d86fb1d5b5f4,TF_ACULEI_15032022-14685.jpg,fox,Waxing Gibbous,,2022-03-15 18:47:18,CAM 4
80101daedd2a0b82f460c14866db79c3,TF_ACULEI_19072022-17080.jpg,deer,Last Quarter,18,2022-07-19 23:42:53,CAM 4
960a08c434dcba1e38d14d36d7c920cf,TF_ACULEI_13112022-19252.jpg,fox,Waning Gibbous,,2022-11-13 18:25:08,CAM 4
cb2130830d29946093e7bc71fc17f271,TF_ACULEI_30072022-17314.jpg,wild boar,New Moon,,2022-07-30 05:10:33,CAM 4
61a2923080e0302266fc81aed59e0cbf,TF_ACULEI_12082022-17533.jpg,fox,Full Moon,14,2022-08-12 00:25:19,CAM 4
6e98317318d221397fe5091cda04977e,TF_ACULEI_06102022-18307.jpg,horse,Waxing Gibbous,12,2022-10-06 19:26:31,CAM 4
648e1b7e6f11d7fa4adfafe3b279b186,TF_ACULEI_22022024-1772.jpg,wild boar,Waxing Gibbous,,2024-02-22 07:43:19,CAM 4
c46a96866283b55470775842be24a9dd,TF_ACULEI_05022022-14211.jpg,fox,Waxing Crescent,,2022-02-05 01:08:35,CAM 4
2cc23b07eb64db91ce26399b7600c683,TF_ACULEI_25072022-17196.jpg,deer,Waning Crescent,22,2022-07-25 01:28:12,CAM 4
1bd4ae7f9446e5e82ee4c71bdd3974ee,TF_ACULEI_19072022-17078.jpg,deer,Last Quarter,18,2022-07-19 23:14:31,CAM 4
d9652c3b93e0cf6876f116e7128515b9,TF_ACULEI_28062022-16716.jpg,fox,New Moon,23,2022-06-28 00:02:24,CAM 4
94a7ce90b3e6e61927390ddd6da5f73a,TF_ACULEI_22022023-24084.jpg,fox,New Moon,,2023-02-22 02:32:48,CAM 4
a7058f296d93b323b740f8e907a1bbf5,TF_ACULEI_25022023-24137.jpg,wild boar,Waxing Crescent,,2023-02-25 01:08:39,CAM 4
807ee2f24732c5231e6bf9fbd8232469,TF_ACULEI_02082023-27795.jpg,wolf,Full Moon,21,2023-08-02 01:17:15,CAM 4
2552be1c1deed289ae58454f99408245,TF_ACULEI_12112022-19218.jpg,fox,Waning Gibbous,,2022-11-12 21:45:36,CAM 4
93d596664f9b15ee1064526bc05db681,TF_ACULEI_16032023-24556.jpg,porcupine,Last Quarter,,2023-03-16 00:07:39,CAM 3
0b903dbb96042ec87c0b4c3f6a883276,TF_ACULEI_13042023-25481.jpg,deer,Last Quarter,,2023-04-13 07:59:14,CAM 3
b7a3863736d10c76c26b773330b0f22c,TF_ACULEI_28082021-11743.jpg,horse,Waning Gibbous,,2021-08-28 02:24:02,CAM 3
561a7031d1cc5a44936bf69e5ec2c7c7,TF_ACULEI_31122022-21365.jpg,horse,First Quarter,,2022-12-31 01:21:49,CAM 3
b3824d1cde24b7fe1d068bcd87ff75db,TF_ACULEI_09092021-11813.jpg,deer,Waxing Crescent,,2021-09-09 05:18:28,CAM 3
6f64b58554eddc9f8bd1a13ab4cc0080,TF_ACULEI_17072021-10373.jpg,deer,First Quarter,,2021-07-17 05:03:31,CAM 3
494f3d590af1e8bafc24a3c1c3ba7939,TF_ACULEI_20042021-962.jpg,horse,First Quarter,,2021-04-20 01:02:25,CAM 3
4dfebaa68644ccaec8db630faed7a510,TF_ACULEI_16012023-21949.jpg,wild boar,Last Quarter,,2023-01-16 04:00:39,CAM 3
beb8195cd2e6a78695b738b29693702f,TF_ACULEI_06072022-16863.jpg,deer,First Quarter,,2022-07-06 06:27:29,CAM 3
42cfa8f4eb3a7a2b24b22cfa3d1b832b,TF_ACULEI_16022022-14360.jpg,deer,Full Moon,,2022-02-16 02:31:25,CAM 3
11209e16e0ff41ba00cfb0748103beec,TF_ACULEI_21012022-14009.jpg,horse,Waning Gibbous,,2022-01-21 00:50:39,CAM 3
ea83ac2e66e7a11464560e63ec99d9c8,TF_ACULEI_07112021-12669.jpg,deer,Waxing Crescent,,2021-11-07 21:38:14,CAM 3
d6641e667eaf01fff54a54f874c1fda2,TF_ACULEI_16042021-921.jpg,horse,Waxing Crescent,,2021-04-16 05:42:58,CAM 3
d7c703c1b8a947c846ef1a7f3093674b,TF_ACULEI_05042021-854.jpg,fox,Last Quarter,,2021-04-05 01:27:19,CAM 3
f1b2aed832c59f6cb5e974fc1a9f4492,TF_ACULEI_05012022-13598.jpg,fox,Waxing Crescent,,2022-01-05 21:53:40,CAM 3
ec0c54643213fb39bea248bac5a63d17,TF_ACULEI_17072021-10370.jpg,wild boar,First Quarter,,2021-07-17 05:01:01,CAM 3
8bf502713165b0e36e3ebfa21c3197b6,TF_ACULEI_17112021-12757.jpg,deer,Full Moon,,2021-11-17 21:20:58,CAM 3
272817ab209d2ef2337f1c96edf47b10,TF_ACULEI_12102021-12379.jpg,deer,First Quarter,,2021-10-12 23:34:55,CAM 3
0a716e18c6a215544e88fd13cab5d9aa,TF_ACULEI_03072021-9272.jpg,wild boar,Last Quarter,,2021-07-03 01:46:35,CAM 3
31b90715f2cfa5879e0105b3cd2a7c1e,TF_ACULEI_09042023-25372.jpg,porcupine,Waning Gibbous,,2023-04-09 21:52:53,CAM 3
6e08808600cfe28edbf6d19910b8df87,TF_ACULEI_09022023-23655.jpg,horse,Waning Gibbous,,2023-02-09 07:17:54,CAM 3
c34bcd353511ac5520d83dcbdf2f0774,TF_ACULEI_08042022-15260.jpg,horse,First Quarter,,2022-04-08 05:50:44,CAM 3
741aa0b183dd63cde8e5c10b3bdd3b4c,TF_ACULEI_16042021-924.jpg,horse,Waxing Crescent,,2021-04-16 05:48:37,CAM 3
9cce38bd402b6abd54002ae7ff0a5143,TF_ACULEI_09092021-11815.jpg,horse,Waxing Crescent,,2021-09-09 05:21:23,CAM 3
0f1a8d72d9066263254d03d89e391e6f,TF_ACULEI_13022023-23771.jpg,buzzard,Last Quarter,,2023-02-13 07:55:17,CAM 3
1ba66d14ea43d56d125c3bde4f5cf335,TF_ACULEI_02102021-12108.jpg,wild boar,Waning Crescent,,2021-10-02 22:20:33,CAM 3
95873c670f919ba934ff8a97fb463ebb,TF_ACULEI_21102021-12440.jpg,fox,Full Moon,,2021-10-21 21:24:34,CAM 3
00e4eb1614f810c40903a6ac73c507ae,TF_ACULEI_12102021-12382.jpg,deer,First Quarter,,2021-10-12 23:35:34,CAM 3
7bab801f0fbed6aa044ef25b318c5ebb,TF_ACULEI_16082021-11649.jpg,deer,First Quarter,,2021-08-16 01:23:04,CAM 3
6f2c8ce0d50331966344ceaad662ef0e,TF_ACULEI_28062021-9151.jpg,wild boar,Waning Gibbous,,2021-06-28 04:35:59,CAM 3
91ea9ec4d1d9dc2a85a3b1b32b9dc4eb,TF_ACULEI_09092021-11814.jpg,wild boar,Waxing Crescent,,2021-09-09 05:21:14,CAM 3
f626148daee4a66bcd8097396aed74ac,TF_ACULEI_23082021-11667.jpg,deer,Full Moon,,2021-08-23 03:21:31,CAM 3
b70ff32a71ca8eb5ff2b7bfbfd34f836,TF_ACULEI_18022023-23900.jpg,porcupine,New Moon,,2023-02-18 22:43:02,CAM 3
d16ed836e3969ec0c0305ec03197b94f,TF_ACULEI_07042021-867.jpg,fox,Waning Crescent,,2021-04-07 02:19:21,CAM 3
9be526b98572480f76260412e2c0cb31,TF_ACULEI_21122022-21043-2.jpg,porcupine,New Moon,,2022-12-21 21:44:10,CAM 3
bcb0881d47258e1439e5619f34482b4a,TF_ACULEI_28092021-12069.jpg,porcupine,Last Quarter,,2021-09-28 22:38:46,CAM 3
da6277de4e0f29818df62a50d6c7405b,TF_ACULEI_23072021-10739.jpg,porcupine,Full Moon,,2021-07-23 05:02:33,CAM 3
5e3419173a8c148a9a8445606ae86d83,TF_ACULEI_09092021-11816.jpg,horse,Waxing Crescent,,2021-09-09 05:21:32,CAM 3
e15f7a97dc3e3cf2a06c7705e53f7504,TF_ACULEI_17112022-19426.jpg,deer,Last Quarter,,2022-11-17 22:16:38,CAM 3
778e4867de49d549999410e551afadf9,TF_ACULEI_12102021-12381.jpg,deer,First Quarter,,2021-10-12 23:35:23,CAM 3
2cb9f6b24aabf32631dd9da896be13bf,TF_ACULEI_06052021-1044.jpg,horse,Waning Crescent,,2021-05-06 05:04:58,CAM 3
7a2494dfd4658388d137c083650fd882,TF_ACULEI_16052022-15876.jpg,porcupine,Full Moon,,2022-05-16 03:39:26,CAM 3
6ec1655a420c8622f32d546f8700852b,TF_ACULEI_28082021-11747.jpg,horse,Waning Gibbous,,2021-08-28 02:24:39,CAM 3
d8b780ff09795c509db76a7304ee1201,TF_ACULEI_06092021-11791.jpg,wild boar,New Moon,,2021-09-06 02:41:30,CAM 3
b4e6efe32ea72cdc8e62b8f73d661e9d,TF_ACULEI_17022022-14373.jpg,fox,Full Moon,,2022-02-17 21:03:40,CAM 3
4f0059737f59f8bf740cd56f3738918a,TF_ACULEI_27062021-8771.jpg,porcupine,Waning Gibbous,,2021-06-27 02:46:12,CAM 3
84a570427e709106c11b112d220b424e,TF_ACULEI_12012023-21765.jpg,fox,Waning Gibbous,,2023-01-12 06:20:27,CAM 3
69859a03129c9613f0ec92618a0c09e6,TF_ACULEI_05102021-12169.jpg,wild boar,New Moon,,2021-10-05 02:14:13,CAM 3
04cb659d1c3444f82786ce607de7e517,TF_ACULEI_03122021-13180.jpg,horse,New Moon,,2021-12-03 22:00:09,CAM 3
b951f99ce494309eb10089a9bf595d43,TF_ACULEI_11082021-11614.jpg,wild boar,Waxing Crescent,,2021-08-11 03:51:42,CAM 3
31bfcbd2923cb631eaf824eacd3fc9ba,TF_ACULEI_17022022-14372.jpg,fox,Full Moon,,2022-02-17 21:03:25,CAM 3
f544c1c20ed70fcc243884521adf6aae,TF_ACULEI_27122022-21270.jpg,horse,Waxing Crescent,,2022-12-27 21:38:17,CAM 3
8f6aab5a080da0b04ebc8bd7c85e8005,TF_ACULEI_24072021-10766.jpg,wild boar,Full Moon,,2021-07-24 22:57:59,CAM 3
d65a673564953265669b656794c1b4cc,TF_ACULEI_15122021-13357.jpg,wolf,Waxing Gibbous,,2021-12-15 22:58:47,CAM 3
91ccb482f4c408fa29f79b9d4e2679aa,IMAG0003.jpg,fox,Full Moon,,2023-12-27 05:12:50,CAM 3
4db3fbe032cf91ecf20b7cfc149201a2,TF_ACULEI_03022023-23371.jpg,human,Full Moon,,2023-02-03 20:53:55,CAM 3
f92c35644f07102c2830bf43bd7336da,TF_ACULEI_07012022-13691.jpg,horse,Waxing Crescent,,2022-01-07 21:45:01,CAM 3
1377da345594e282763f7120e6e7e78c,TF_ACULEI_02092021-11777.jpg,wild boar,Waning Crescent,,2021-09-02 06:58:39,CAM 3
28288289334bc9d706cc232b31c47663,TF_ACULEI_03082021-11495.jpg,fox,Waning Crescent,,2021-08-03 00:05:57,CAM 3
0435b42fa1de1c4f4c75a7f7291c4cc6,TF_ACULEI_05102021-12181.jpg,wild boar,New Moon,,2021-10-05 06:12:42,CAM 3
13d88767abdf43c994c0f573ac387480,TF_ACULEI_03122021-13168.jpg,horse,New Moon,,2021-12-03 21:06:41,CAM 3
7a01fb483617c1a00f10f538f6609cee,TF_ACULEI_07102021-12201.jpg,wild boar,New Moon,,2021-10-07 21:02:17,CAM 3
a33ce32946be828fdf419799636cc1c7,TF_ACULEI_05102021-12157.jpg,deer,New Moon,,2021-10-05 01:52:18,CAM 3
bd9cf501afed2785cb405990ed73b762,TF_ACULEI_04072021-9574.jpg,fox,Waning Crescent,,2021-07-04 21:37:17,CAM 3
a7df6d4c9d6d5d1b861ae4de92972855,TF_ACULEI_02092021-11776.jpg,porcupine,Waning Crescent,,2021-09-02 05:47:22,CAM 3
3626cd82e28afccb4cb9619f79ef5df6,TF_ACULEI_16082023-28006.jpg,porcupine,New Moon,,2023-08-16 19:09:53,CAM 3
24639e0edcf7fee6862ddc57ce1e2c6e,TF_ACULEI_24072021-10952.jpg,wild boar,Full Moon,,2021-07-24 23:47:30,CAM 3
973d2bdc354fd7b0a755824c5a84eed9,TF_ACULEI_14102021-12418.jpg,wild boar,First Quarter,,2021-10-14 21:40:14,CAM 3
96ac21468d5dde750a808fe59b0d932c,TF_ACULEI_19092021-11974.jpg,horse,Waxing Gibbous,,2021-09-19 04:59:09,CAM 3
5667a6d928f3f58aaea8eb8756aa6da8,TF_ACULEI_09012022-13787.jpg,human,First Quarter,,2022-01-09 05:55:29,CAM 3
e66d297bbca1f3ede648adaa9091db87,TF_ACULEI_28082021-11733.jpg,horse,Waning Gibbous,,2021-08-28 01:56:25,CAM 3
ff54ea0443d49066e1575599a1ba1126,TF_ACULEI_09072021-9878.jpg,porcupine,New Moon,,2021-07-09 04:13:53,CAM 3
eefb012a4d93e9d0524ead9712c1d2b0,TF_ACULEI_07012022-13681.jpg,horse,Waxing Crescent,,2022-01-07 21:36:04,CAM 3
9d8c1853f5ef6431924300cf649befa7,IMAG0007.jpg,fox,Full Moon,,2023-11-27 02:47:44,CAM 3
82b76805f73f7220764070ad83882ec3,TF_ACULEI_03022023-23361.jpg,horse,Full Moon,,2023-02-03 20:52:22,CAM 3
a898998e923e563e2123152551e777d3,TF_ACULEI_09042021-889.jpg,wild boar,Waning Crescent,,2021-04-09 23:30:54,CAM 3
52be5493101b5e4f9e348748ffc041a3,TF_ACULEI_17022022-14374.jpg,fox,Full Moon,,2022-02-17 21:03:51,CAM 3
5a7a6eea1f9386f69fdf30024c81e015,TF_ACULEI_26092021-12053.jpg,fox,Waning Gibbous,,2021-09-26 04:16:20,CAM 3
b38e4450f38df21f273baa85334b2fa1,TF_ACULEI_24072021-10762.jpg,wild boar,Full Moon,,2021-07-24 22:57:04,CAM 3
faa08298ae7466a7148092153eef033a,TF_ACULEI_03072021-9564.jpg,fox,Last Quarter,,2021-07-03 05:40:29,CAM 3
1e9121458b5e5bcb39f544bde71c18ea,IMAG0005.jpg,badger,Waning Gibbous,,2023-10-31 20:22:02,CAM 3
a7ddc106dffbcff59a2296aefbb2fb68,TF_ACULEI_25082021-11707.jpg,horse,Waning Gibbous,,2021-08-25 21:07:20,CAM 3
a651a6cf11453dc7297b55b0f65defb0,TF_ACULEI_22112022-19872.jpg,horse,New Moon,,2022-11-22 01:55:36,CAM 3
1eecf019e2e7298044424ec1caff709b,TF_ACULEI_19112022-19608.jpg,horse,Waning Crescent,,2022-11-19 21:18:16,CAM 3
c085ab6fac5be1221f11c2640b9e1ec2,TF_ACULEI_19112022-19609.jpg,horse,Waning Crescent,,2022-11-19 21:18:25,CAM 3
1456638180468680dd46b019d93e249e,TF_ACULEI_10112022-19124.jpg,fox,Full Moon,,2022-11-10 00:53:55,CAM 3
237aa46060ee61b1f6d07a74d82e35db,TF_ACULEI_20112022-19674.jpg,badger,Waning Crescent,,2022-11-20 19:28:15,CAM 3
c68963ef1f7943b9a276940626431d77,TF_ACULEI_25052021-1501.jpg,badger,Full Moon,,2021-05-25 22:17:27,CAM 3
507250ff59319ed5e32d095bf710a2ed,TF_ACULEI_25082021-11706.jpg,horse,Waning Gibbous,,2021-08-25 21:07:11,CAM 3
9d2b25ac439732266d9ad8875a9887ab,TF_ACULEI_17022022-14377.jpg,fox,Full Moon,,2022-02-17 21:04:19,CAM 3
33f0b77af798ba911511f8481b2d9cf5,TF_ACULEI_31032023-24993.jpg,porcupine,Waxing Gibbous,,2023-03-31 03:55:32,CAM 3
29f96159ec3d1ae265eb082c82dcf02f,IMAG0035.jpg,badger,Waning Gibbous,,2023-11-30 23:45:58,CAM 3
fd1d1d37ff243e5ae062e7ca73053e4c,TF_ACULEI_25052021-1478.jpg,porcupine,Full Moon,,2021-05-25 04:34:37,CAM 3
2e6bd39b2d2f54e2a956cf991ebf2dd1,TF_ACULEI_05102021-12160.jpg,wild boar,New Moon,,2021-10-05 01:53:26,CAM 3
b1d9a60dc31d59bacaafe0400196757d,TF_ACULEI_04012022-13543.jpg,fox,New Moon,,2022-01-04 00:35:06,CAM 3
1b3dc63b343841f72f3169bcbc250d3a,TF_ACULEI_10102021-12279.jpg,horse,Waxing Crescent,,2021-10-10 05:48:39,CAM 3
0caeb35cddc7179fe1b4080e6552a5a4,TF_ACULEI_13032023-24519.jpg,deer,Last Quarter,,2023-03-13 23:09:11,CAM 3
c9f58fd0489a89de0b26131bea8d686b,TF_ACULEI_22102021-12469.jpg,horse,Full Moon,,2021-10-22 00:39:46,CAM 3
f8fa4f7668b433ecf09ecbeaf17b65d9,TF_ACULEI_10092021-11892.jpg,fox,Waxing Crescent,,2021-09-10 21:59:08,CAM 3
51b63e22296ee8a6a03a7e73cd3b721a,TF_ACULEI_09042021-890.jpg,wild boar,Waning Crescent,,2021-04-09 23:31:09,CAM 3
824f6f3d5e44c8561e3b11257b396446,TF_ACULEI_31032023-24989.jpg,porcupine,Waxing Gibbous,,2023-03-31 03:54:24,CAM 3
d363c4389ca1a7649edda297e12f033a,TF_ACULEI_28012023-22896.jpg,porcupine,First Quarter,,2023-01-28 22:26:05,CAM 3
b02a335258d58e38f9a81af9177fa34b,TF_ACULEI_04062022-16164.jpg,deer,Waxing Crescent,,2022-06-04 22:09:57,CAM 3
fc8a03a53a7d978f84f7c0c16c6aa6d7,TF_ACULEI_02092021-11781.jpg,fox,Waning Crescent,,2021-09-02 21:50:13,CAM 3
f8907a83dcee23d66966ac28c67a7b15,TF_ACULEI_19112022-19607.jpg,wild boar,Waning Crescent,,2022-11-19 21:18:07,CAM 3
d7d0f7e4b7b373db713ba2bcc4043f86,TF_ACULEI_07082021-11556.jpg,wild boar,New Moon,,2021-08-07 00:43:53,CAM 3
74f1814cad7c58074acb04ebaac69693,TF_ACULEI_07082021-11543.jpg,porcupine,New Moon,,2021-08-07 00:39:57,CAM 3
4c6cad9eae920096fe8d5dc4c5bec3b6,TF_ACULEI_25082021-11682.jpg,horse,Waning Gibbous,,2021-08-25 21:01:31,CAM 3
dc1fca0c7c9d33536f9f79d7f096eee9,TF_ACULEI_30082021-11767.jpg,fox,Last Quarter,,2021-08-30 03:15:14,CAM 3
b40049aef1c120f1b4e29412b63eef36,TF_ACULEI_05102021-12176.jpg,wolf,New Moon,,2021-10-05 06:11:31,CAM 3
886b78089300c94108241e9751c489c8,TF_ACULEI_05102021-12162.jpg,wild boar,New Moon,,2021-10-05 02:08:10,CAM 3
f639526ee6aac1e80ad0d26cf5b37598,TF_ACULEI_02062021-2951.jpg,deer,Last Quarter,,2021-06-02 21:49:09,CAM 3
c584a0042ee32b03a584fc0ef9d5cd3b,TF_ACULEI_04062022-16165.jpg,deer,Waxing Crescent,,2022-06-04 22:10:07,CAM 3
68b37f23f967cba90a5b357857e44e3e,TF_ACULEI_23112022-19986.jpg,horse,New Moon,,2022-11-23 05:10:30,CAM 3
0fa73f91deb64d7c9bf7cb81960dfc46,TF_ACULEI_01042023-25040.jpg,porcupine,Waxing Gibbous,,2023-04-01 19:34:09,CAM 3
3855674116dab3dbe3228ab087b48449,TF_ACULEI_04022023-23437.jpg,horse,Full Moon,,2023-02-04 22:27:01,CAM 3
756fad019802f4c56919485b76c5181f,TF_ACULEI_13032022-14643.jpg,buzzard,Waxing Gibbous,,2022-03-13 06:59:45,CAM 3
9f23df7a62ca43c3de0a771220e5452e,TF_ACULEI_04062022-16161.jpg,deer,Waxing Crescent,,2022-06-04 22:08:58,CAM 3
80c1a7ffb827f22005985f63f1351edb,TF_ACULEI_11102021-12353.jpg,hare,Waxing Crescent,,2021-10-11 05:01:47,CAM 3
308b38c0351071595ecb32078af027ff,TF_ACULEI_05102021-12166.jpg,wild boar,New Moon,,2021-10-05 02:12:16,CAM 3
1a73a57aefd80e50a5e2dc29e46766cf,TF_ACULEI_07082021-11546.jpg,wild boar,New Moon,,2021-08-07 00:40:39,CAM 3
7dd83fccde7d0a44eb56954fa588a33c,TF_ACULEI_04012022-13550.jpg,horse,New Moon,,2022-01-04 00:42:22,CAM 3
bfcad0df57d5b7722e03000ab79d5436,TF_ACULEI_05102021-12173.jpg,deer,New Moon,,2021-10-05 02:21:57,CAM 3
ab491f15001f932a96e422db45fed491,TF_ACULEI_05102021-12167.jpg,wild boar,New Moon,,2021-10-05 02:13:42,CAM 3
e7432f2f1b726c2e82ef6f37f5f59836,TF_ACULEI_06052021-1039.jpg,fox,Waning Crescent,,2021-05-06 05:04:15,CAM 3
46bbc4e3ecf18ab6181e91f86a4a56d5,TF_ACULEI_24072021-10741.jpg,fox,Full Moon,,2021-07-24 02:17:26,CAM 3
56856f547670952d87c5199355e16e2c,TF_ACULEI_02092021-11778.jpg,wild boar,Waning Crescent,,2021-09-02 06:59:13,CAM 3
6cbd44136fe98d442ab57ac7cf0910f0,TF_ACULEI_18122021-13378.jpg,horse,Full Moon,,2021-12-18 21:00:29,CAM 3
32b6f5050bc62a727c4c688a995b4b39,TF_ACULEI_07102021-12192.jpg,porcupine,New Moon,,2021-10-07 00:15:19,CAM 3
8d740ed5ff65c8b8e65461007d12e71b,TF_ACULEI_10062021-4707.jpg,deer,New Moon,,2021-06-10 22:24:57,CAM 3
c17877d80da847f8f43dd58683c8536c,TF_ACULEI_05102021-12159.jpg,deer,New Moon,,2021-10-05 01:53:05,CAM 3
9062f12caf6775a78e6fb67e0bc3e068,TF_ACULEI_21112022-19751.jpg,horse,Waning Crescent,,2022-11-21 05:41:03,CAM 3
edb719d5d8f30890e75924cc874ff1c3,TF_ACULEI_10102021-12255.jpg,deer,Waxing Crescent,,2021-10-10 05:14:26,CAM 3
32428db92db0ae850a0d6112c42ca1c6,TF_ACULEI_07082021-11544.jpg,wild boar,New Moon,,2021-08-07 00:40:07,CAM 3
9e6010e74014c0d1d3fe1687092b172f,TF_ACULEI_25082021-11684.jpg,horse,Waning Gibbous,,2021-08-25 21:01:48,CAM 3
41dfce87e121b8201dfa39391004bd1a,TF_ACULEI_10102021-12254.jpg,deer,Waxing Crescent,,2021-10-10 05:14:18,CAM 3
738f7b77c89a725020e4ebd150bcda30,TF_ACULEI_05102021-12164.jpg,porcupine,New Moon,,2021-10-05 02:09:10,CAM 3
01849183c181e3ed77e9158f48864867,TF_ACULEI_24042022-15555.jpg,deer,Last Quarter,,2022-04-24 06:31:03,CAM 3
7edceb089ab0997e2c4102735da2a8e6,TF_ACULEI_22102021-12444.jpg,horse,Full Moon,,2021-10-22 00:34:04,CAM 3
16995070c425bdc9ecd8262c2cc82720,TF_ACULEI_05102021-12158.jpg,deer,New Moon,,2021-10-05 01:52:46,CAM 3
d077e2b1ddcf406f340670fcce777da1,TF_ACULEI_04062022-16163.jpg,deer,Waxing Crescent,,2022-06-04 22:09:48,CAM 3
466192bd15295aa7d0c19744a94c9594,TF_ACULEI_09032023-24410.jpg,porcupine,Waning Gibbous,,2023-03-09 22:36:50,CAM 3
11871ce29326031c9d4ec3b11ccdbb53,TF_ACULEI_15062021-5092.jpg,wild boar,Waxing Crescent,,2021-06-15 03:40:15,CAM 3
e41de9d74ef38d19aa6b1f8e6b3902f9,TF_ACULEI_01102021-12092.jpg,deer,Waning Crescent,,2021-10-01 06:36:03,CAM 3
4f71b1fc62881db8d75c94e7c5251403,TF_ACULEI_13082021-11638.jpg,wild boar,Waxing Crescent,,2021-08-13 05:31:05,CAM 3
9b026df326989bda74395c2994988549,TF_ACULEI_26082023-28201.jpg,fox,Waxing Gibbous,,2023-08-26 22:21:09,CAM 3
3497ade261785693a76005d22f148c5e,TF_ACULEI_31102021-12570.jpg,cat,Waning Crescent,,2021-10-31 01:57:01,CAM 3
633fe12c003ae8c2cf3eb43d1f6ebcdf,TF_ACULEI_15122021-13328.jpg,fox,Waxing Gibbous,,2021-12-15 00:35:42,CAM 3
979ecaed54c7fdbdcd23170f2e7eed84,TF_ACULEI_28032023-24877.jpg,hare,First Quarter,,2023-03-28 20:20:34,CAM 3
78d261492d3b0bb605d36a9182b663ef,TF_ACULEI_25092021-12044.jpg,wild boar,Waning Gibbous,,2021-09-25 21:44:17,CAM 3
726cbbed64a6c990c57c4b07a89391a7,TF_ACULEI_19062021-6774.jpg,deer,First Quarter,,2021-06-19 06:33:26,CAM 3
f09544b03d6143cf37273e2e7341cde9,TF_ACULEI_24052021-1387.jpg,porcupine,Waxing Gibbous,,2021-05-24 04:02:01,CAM 3
0ed5131c41febbad5f31fe9eea9fe150,TF_ACULEI_05082022-17393.jpg,horse,First Quarter,,2022-08-05 21:01:31,CAM 3
d2c73b2ebb1db1d73894e03312d81bd0,TF_ACULEI_23072021-10736.jpg,fox,Full Moon,,2021-07-23 02:01:54,CAM 3
d36db406bcdc628702c97f8789c0b4b7,TF_ACULEI_06072021-9586.jpg,horse,Waning Crescent,,2021-07-06 04:42:59,CAM 3
d04e3ed4dd582a8c186a88496f14b20c,TF_ACULEI_01072021-9221.jpg,fox,Last Quarter,,2021-07-01 00:45:36,CAM 3
72dbb5226e81d766bd3fc6f7d5ea24c6,TF_ACULEI_28062021-9149.jpg,fox,Waning Gibbous,,2021-06-28 04:35:41,CAM 3
c588ba814f8fe6f3745d29001aac0cc4,TF_ACULEI_18052021-1216.jpg,wild boar,First Quarter,,2021-05-18 04:34:35,CAM 3
d7e9cf1209bcaa0ca6e06fc69b3cecee,TF_ACULEI_05082022-17409.jpg,horse,First Quarter,,2022-08-05 21:04:11,CAM 3
d563d3f968300a4b3e72380186e4cfe8,IMAG0083.jpg,porcupine,Waxing Crescent,,2023-11-16 04:16:27,CAM 3
c3b88de87d976f1563c56b93fc50bdee,TF_ACULEI_16032023-24561.jpg,deer,Last Quarter,,2023-03-16 02:29:11,CAM 3
31dfb4d2140c48ae0c13845cad80d736,TF_ACULEI_21112021-12917.jpg,horse,Waning Gibbous,,2021-11-21 21:08:10,CAM 3
106ad9229d0a5454c20de2b225394ff2,TF_ACULEI_26052021-1899.jpg,deer,Full Moon,,2021-05-26 06:34:24,CAM 3
8a305c5a3f2ba5dd8ab90502194b4628,TF_ACULEI_04012022-13532.jpg,horse,New Moon,,2022-01-04 00:27:04,CAM 3
fb47a643d110090a84eda0cb9ae885a8,TF_ACULEI_09102021-12208.jpg,horse,Waxing Crescent,,2021-10-09 05:13:32,CAM 3
ff9dfffcd963180edda6fefc1e64f260,TF_ACULEI_21122022-21043.jpg,porcupine,New Moon,,2022-12-21 21:44:10,CAM 3
fd9216290fb6ffd2316f1dd15a75eeac,TF_ACULEI_17072021-10369.jpg,fox,First Quarter,,2021-07-17 05:00:52,CAM 3
f28d31bdafc13c97f2b176932f3955d1,TF_ACULEI_05112021-12644.jpg,fox,New Moon,,2021-11-05 23:02:57,CAM 3
d9cbf730ed1f5e41fa0648a985ed107a,TF_ACULEI_07112021-12664.jpg,human,Waxing Crescent,,2021-11-07 06:35:43,CAM 3
fcf0b543a9f818ca0017e48aecec0c25,TF_ACULEI_07112021-12670.jpg,deer,Waxing Crescent,,2021-11-07 21:38:25,CAM 3
d26920abc3094ddc5fb6945456cee993,TF_ACULEI_03072021-9268.jpg,wild boar,Last Quarter,,2021-07-03 01:44:14,CAM 3
71fc4a880bf9c2293e5d4c37b3e65977,TF_ACULEI_17112021-12758.jpg,deer,Full Moon,,2021-11-17 21:21:11,CAM 3
dc80796cfdc03931159bbe10f5cc2f34,TF_ACULEI_19082023-28069.jpg,porcupine,Waxing Crescent,,2023-08-19 04:26:03,CAM 3
cde3309fbff17638a35815d35cf4ef27,TF_ACULEI_06072021-9580.jpg,horse,Waning Crescent,,2021-07-06 04:40:59,CAM 3
72e2090156a3ba8c42809eee75c1a47d,TF_ACULEI_19022023-23946.jpg,horse,New Moon,,2023-02-19 21:12:36,CAM 3
6ccfd990c8edbf6877e34fa6acfc9926,TF_ACULEI_28032022-15005.jpg,deer,Waning Crescent,,2022-03-28 22:59:53,CAM 3
ab6e22f94684065a37d9ac72df89bccf,TF_ACULEI_27052021-1928.jpg,deer,Full Moon,,2021-05-27 05:41:50,CAM 3
22dec505b80e605ba0c3fec899ad4760,TF_ACULEI_27072021-10980.jpg,deer,Waning Gibbous,,2021-07-27 23:55:55,CAM 3
41512c13b24d53e0480df91123b83a42,TF_ACULEI_12042021-899.jpg,fox,New Moon,,2021-04-12 05:57:55,CAM 3
56be6c900d245245bb302b551495d5a4,TF_ACULEI_04022023-23442.jpg,horse,Full Moon,,2023-02-04 22:27:44,CAM 3
b88a55d8f6e122e6e7a88695072fd67b,TF_ACULEI_01062021-2741.jpg,wild boar,Last Quarter,18,2021-06-01 22:47:09,CAM 2
a39c153321a4da3c29868e0834930e1c,TF_ACULEI_19062021-6757.jpg,horse,First Quarter,,2021-06-19 05:12:18,CAM 2
85f218828a817d0485a58038dce7af0f,TF_ACULEI_09082021-11598.jpg,wild boar,New Moon,25,2021-08-09 22:46:19,CAM 2
b5ad0c287669fcff45e7cca9429af54c,TF_ACULEI_02082021-11493.jpg,fox,Waning Crescent,16,2021-08-02 23:29:06,CAM 2
c1fb6f4e2e988a1540d23965740c733d,TF_ACULEI_01062021-2742.jpg,wild boar,Last Quarter,18,2021-06-01 22:47:16,CAM 2
77d160fe58cb2afa975d7a4603810395,TF_ACULEI_17072021-10361.jpg,fox,First Quarter,14,2021-07-17 02:03:48,CAM 2
9d4892acc809ba1fa3e25c4b53c0d1f4,TF_ACULEI_15052021-1108.jpg,wild boar,Waxing Crescent,13,2021-05-15 22:18:50,CAM 2
84ce41ba196ead58622db7cfd7570d3f,TF_ACULEI_12072021-9942.jpg,fox,Waxing Crescent,23,2021-07-12 22:49:19,CAM 2
ed9992a809d409591a7df35d9e5f5025,TF_ACULEI_16072021-10349.jpg,fox,First Quarter,16,2021-07-16 22:37:32,CAM 2
226c89ae370c8e553c8587dbbc338b99,TF_ACULEI_08062021-3983.jpg,wild boar,Waning Crescent,17,2021-06-08 01:43:52,CAM 2
1865a7c6f9a9ee12f4bc31e2ac96fd0b,TF_ACULEI_12072021-9918.jpg,cat,Waxing Crescent,24,2021-07-12 22:31:41,CAM 2
f9d4a88392c99679078546f2d5811021,TF_ACULEI_16072021-10348.jpg,fox,First Quarter,16,2021-07-16 04:06:31,CAM 2
d3aa0f951f6f4c576f8718db960a303b,TF_ACULEI_12072021-10123.jpg,deer,Waxing Crescent,21,2021-07-12 23:37:42,CAM 2
a5020bd03b3acb0ecd4f79d0206315bf,TF_ACULEI_15072021-10327.jpg,fox,Waxing Crescent,13,2021-07-15 02:35:20,CAM 2
5072ec514007f6ff144886f82a9ed927,TF_ACULEI_08062021-3981.jpg,wild boar,Waning Crescent,16,2021-06-08 01:43:35,CAM 2
f024ee2c926048e1ba56ecdd508fdf7c,TF_ACULEI_12072021-9927.jpg,fox,Waxing Crescent,23,2021-07-12 22:40:27,CAM 2
aeec6a581717cf1e8af8611e04634938,TF_ACULEI_03082021-11494.jpg,fox,Waning Crescent,15,2021-08-03 00:01:12,CAM 2
d258d5275213df78ea1ae48f52576bd6,TF_ACULEI_15082021-11646.jpg,fox,First Quarter,23,2021-08-15 01:12:12,CAM 2
a2ef0915ebdb375caa978fd43de7ee2f,TF_ACULEI_07082021-11566.jpg,wild boar,New Moon,,2021-08-07 23:48:24,CAM 2
2d5ae01049f698d0b50740145047c5b3,TF_ACULEI_08062021-4191.jpg,horse,Waning Crescent,,2021-06-08 05:19:44,CAM 2
e9defa1566f341bb4974be898af2db15,TF_ACULEI_12072021-9908.jpg,badger,Waxing Crescent,24,2021-07-12 22:30:06,CAM 2
83d51274bde8ef67b5d25131882d5290,TF_ACULEI_06082021-11528.jpg,deer,New Moon,17,2021-08-06 23:22:12,CAM 2
617357d0913d47a540b893aa34adecb6,TF_ACULEI_12072021-9897.jpg,fox,Waxing Crescent,24,2021-07-12 22:18:22,CAM 2
37622c3974adc158680cd1e9fdb78050,TF_ACULEI_09072021-9729.jpg,badger,New Moon,23,2021-07-09 00:31:54,CAM 2
8f2cb85a34e330f9a6f0104c15db45dd,TF_ACULEI_06072021-9716.jpg,fox,Waning Crescent,23,2021-07-06 23:14:27,CAM 2
f8074c11e8ab84a1f05bb3c8c54c513b,TF_ACULEI_15062021-5104.jpg,wild boar,Waxing Crescent,16,2021-06-15 03:53:51,CAM 2
effc93561c04da7c77646887d5243871,TF_ACULEI_30062021-9196.jpg,fox,Waning Gibbous,,2021-06-30 05:00:53,CAM 2
0824b879f3677029be5f9f3d9eb74327,TF_ACULEI_13082021-11631.jpg,fox,Waxing Crescent,,2021-08-13 02:31:26,CAM 2
57e4d7166c45cca6efc59f94cc500f6c,TF_ACULEI_12072021-9905.jpg,wild boar,Waxing Crescent,24,2021-07-12 22:26:47,CAM 2
d989e3175ab6a0cc71e249c5299d6a08,TF_ACULEI_12072021-9913.jpg,wild boar,Waxing Crescent,24,2021-07-12 22:30:55,CAM 2
2c97220d88db6c50d2dfb2b5e72eb8a0,TF_ACULEI_06082021-11527.jpg,fox,New Moon,,2021-08-06 23:22:05,CAM 2
014dff3c0153ca4bbd499e1c3d8022c2,TF_ACULEI_07082021-11581.jpg,wild boar,New Moon,20,2021-08-07 23:53:08,CAM 2
1e801d9eac6674788e2e75a39cbaa567,TF_ACULEI_07082021-11557.jpg,fox,New Moon,16,2021-08-07 01:17:15,CAM 2
afe36630689d0209c8e2a71b0f65de20,TF_ACULEI_12072021-9906.jpg,wild boar,Waxing Crescent,24,2021-07-12 22:27:58,CAM 2
361afe89bbf48c3e8d7ae33d93ba09bb,TF_ACULEI_06082021-11522.jpg,wild boar,New Moon,,2021-08-06 23:21:23,CAM 2
209edd7b5466d8ed01d757d479f53ab5,TF_ACULEI_06082021-11521.jpg,fox,New Moon,17,2021-08-06 23:21:15,CAM 2
23e35683d74f0be46495f5cb16e0f7e6,TF_ACULEI_12072021-9929.jpg,fox,Waxing Crescent,23,2021-07-12 22:41:13,CAM 2
e9634b58ebe9a6a54a46c20afcb3c817,TF_ACULEI_12072021-9901.jpg,fox,Waxing Crescent,24,2021-07-12 22:24:59,CAM 2
b2b3536e15c397030014e9e99c77d5c1,TF_ACULEI_12072021-9915.jpg,badger,Waxing Crescent,24,2021-07-12 22:31:14,CAM 2
1c4756ab78423d61b6acc90f0241366b,TF_ACULEI_07082021-11578.jpg,wild boar,New Moon,20,2021-08-07 23:52:38,CAM 2
14325dfa741bacdca17f64dc9c15b58c,TF_ACULEI_04082021-11500.jpg,fox,Waning Crescent,,2021-08-04 03:18:59,CAM 2
bda905492d7184fd879fc7a8c633a812,TF_ACULEI_12072021-9914.jpg,badger,Waxing Crescent,24,2021-07-12 22:31:06,CAM 2
cf05a756299b692b77d38a90b1086b72,TF_ACULEI_15062021-5079.jpg,wild boar,Waxing Crescent,17,2021-06-15 02:45:25,CAM 2
a04ff6880372397570440438602c017a,TF_ACULEI_19062021-6761.jpg,horse,First Quarter,,2021-06-19 05:12:53,CAM 2
6130c483aada8a0b360b159dff0da6be,TF_ACULEI_09082021-11593.jpg,hare,New Moon,,2021-08-09 22:45:20,CAM 2
c552caebf42406574ad7ed7820d3fc22,TF_ACULEI_09082021-11585.jpg,fox,New Moon,17,2021-08-09 02:44:12,CAM 2
d47cc5f41c2e6bcc499148fb9a687558,TF_ACULEI_09082021-11591.jpg,wild boar,New Moon,,2021-08-09 22:44:49,CAM 2
425f89d04ad6990b6644b5a6804e1f5d,TF_ACULEI_11072021-9889.jpg,hare,New Moon,15,2021-07-11 05:55:22,CAM 2
056f761660b39015255e5fd0f4e0c42c,TF_ACULEI_10082021-11609.jpg,cat,Waxing Crescent,24,2021-08-10 22:22:43,CAM 2
839856c8611d0622e3664001a5bcb30e,TF_ACULEI_03112022-18911.jpg,wild boar,First Quarter,,2022-11-03 06:23:13,CAM 5
7daf2d73904107fb5cc7e5c4f6c7dac0,TF_ACULEI_24072023-27698.jpg,wild boar,First Quarter,19,2023-07-24 04:48:37,CAM 5
68466686ca6d782717548206e3abaf72,TF_ACULEI_17062022-16513.jpg,wild boar,Waning Gibbous,20,2022-06-17 01:40:40,CAM 5
5557dbd44265bbd5954f0ac89a655fc4,TF_ACULEI_16052022-15905.jpg,porcupine,Full Moon,12,2022-05-16 04:07:44,CAM 5
efdc424706f80e1045cd63d9104cc35b,TF_ACULEI_25112022-20117.jpg,wild boar,Waxing Crescent,5,2022-11-25 22:42:14,CAM 5
ff20c795ff589b1f74be7a4011c475a1,TF_ACULEI_04052022-15775.jpg,wild boar,Waxing Crescent,16,2022-05-04 20:21:55,CAM 5
f8f000cc7b564a3788055bb528a50be4,TF_ACULEI_09042022-15365.jpg,hare,First Quarter,10,2022-04-09 20:32:29,CAM 5
a368725c7d0676441cac2bca19240684,TF_ACULEI_19082023-28077.jpg,deer,Waxing Crescent,15,2023-08-19 07:34:02,CAM 5
fb2ee2855ac816f5ffa7d60a3e6f2a65,TF_ACULEI_08032023-24347.jpg,deer,Full Moon,,2023-03-08 00:41:24,CAM 5
def9fa4c8ae6032b378b4fc1c3ded3c4,TF_ACULEI_16022022-14366.jpg,wild boar,Full Moon,2,2022-02-16 19:42:42,CAM 5
0fe5534412bfd754b48241f5c09cd52c,TF_ACULEI_12072022-16932.jpg,porcupine,Full Moon,16,2022-07-12 05:39:32,CAM 5
004d2e7cb4dfc3dde5058df117b5f98b,TF_ACULEI_21062022-16637.jpg,wild boar,Last Quarter,19,2022-06-21 01:26:00,CAM 5
02d15f6e39a47c763fbad94ebe4d13ca,TF_ACULEI_05042022-15136.jpg,wolf,Waxing Crescent,3,2022-04-05 06:09:17,CAM 5
680919103107e4e52cb0f5ad2d4ac720,TF_ACULEI_22092022-17935.jpg,fox,Waning Crescent,8,2022-09-22 22:42:30,CAM 5
4c975c66cbf17b57784398a3bcfb6dc7,TF_ACULEI_25082023-28170.jpg,heron,First Quarter,17,2023-08-25 07:34:49,CAM 5
41b8c89341ee6db43b1675f97c8ac76e,TF_ACULEI_07062022-16206.jpg,deer,First Quarter,12,2022-06-07 05:26:37,CAM 5
b63d328504ece1b3690b311f05617252,TF_ACULEI_24072023-27716.jpg,deer,First Quarter,25,2023-07-24 23:06:17,CAM 5
16dae9d922b9381e20b6996abeb59c92,TF_ACULEI_16082023-28010.jpg,deer,New Moon,26,2023-08-16 19:11:33,CAM 5
65f68bcec3a5ed3570b368e733d930f6,TF_ACULEI_14072023-27586.jpg,heron,Waning Crescent,19,2023-07-14 06:49:11,CAM 5
72a8d6f925d373e81ddd675f68b4a276,TF_ACULEI_20062022-16609.jpg,wild boar,Last Quarter,21,2022-06-20 00:18:30,CAM 5
bb86dfc7b47461798b5d397f045c8936,TF_ACULEI_08092023-28392.jpg,porcupine,Last Quarter,17,2023-09-08 04:20:04,CAM 5
b679c1303dda8bc56e81cf5271daaa7f,TF_ACULEI_09092022-17825.jpg,deer,Full Moon,17,2022-09-09 22:55:24,CAM 5
0726bf32e27e306f61b114c55c3e74d3,TF_ACULEI_13032023-24511.jpg,wild boar,Last Quarter,10,2023-03-13 22:13:01,CAM 5
ef6582d46d8a5464bc2a4743b56493f9,TF_ACULEI_15082023-27992.jpg,hare,New Moon,22,2023-08-15 20:21:23,CAM 5
6d12f0e16860f8fa39b05eb10b68b676,TF_ACULEI_15082023-27978.jpg,heron,New Moon,12,2023-08-15 06:49:56,CAM 5
d6b72d5ec10183694575c035d0bc68b6,TF_ACULEI_15042022-15481.jpg,squirrel,Full Moon,5,2022-04-15 06:45:53,CAM 5
39898fb0be393bb9038456833ce05ff1,TF_ACULEI_28122022-21306.jpg,wild boar,First Quarter,8,2022-12-28 22:25:00,CAM 5
e5f7f8e16992aa66b5a0926862bb223b,TF_ACULEI_18032022-14791.jpg,wild boar,Full Moon,6,2022-03-18 21:44:41,CAM 5
3122257b81e8c7ce498cdd7a568db181,TF_ACULEI_22042023-25713.jpg,hare,New Moon,4,2023-04-22 05:59:33,CAM 5
d38a0ec061a460466c253efe9a62cb14,TF_ACULEI_16082023-28013.jpg,deer,,,,CAM 5
3f5c3ef2454ada946de9ba7262ec8854,TF_ACULEI_23052022-16058.jpg,wild boar,Last Quarter,13,2022-05-23 04:25:07,CAM 5
afbd0447d7460026d8e8b48ab1d08e29,TF_ACULEI_11102022-18444.jpg,deer,Full Moon,14,2022-10-11 03:00:37,CAM 5
88becab9c590edf0b167bf9122802175,TF_ACULEI_25072023-27717.jpg,heron,,,,CAM 5
37a0b75adac55a22204fad39680253ad,TF_ACULEI_22072023-27672.jpg,deer,Waxing Crescent,92,2023-07-22 07:08:59,CAM 5
de2de755690ad68cf047f803d09685e7,TF_ACULEI_21102022-18649.jpg,fox,Waning Crescent,8,2022-10-21 06:40:40,CAM 5
129b55d2532c45362a43be92e1df6796,TF_ACULEI_20052022-16025.jpg,wild boar,Waning Gibbous,17,2022-05-20 23:01:21,CAM 5
62fc974b22beb038f0ce86a6e0e0b558,TF_ACULEI_01042022-15088.jpg,wild boar,New Moon,6,2022-04-01 03:42:50,CAM 5
0a7ca730bbb6c2e504eac860ad382ff1,TF_ACULEI_29032022-15009.jpg,deer,,,,CAM 5
9d10bb63dc1eb6a420cbff08df5491bb,TF_ACULEI_18032022-14754.jpg,wild boar,Full Moon,5,2022-03-18 02:05:26,CAM 5
bdad723e096a9b763293a251234518a3,TF_ACULEI_19032023-24652.jpg,deer,Waning Crescent,9,2023-03-19 21:29:12,CAM 5
e50ece232b0013949f432b4e7bdb4c1a,TF_ACULEI_11102022-18442.jpg,deer,Full Moon,14,2022-10-11 02:59:34,CAM 5
e5b3fccaad4cdc89918e978b95f4c617,TF_ACULEI_20072023-27641.jpg,fox,Waxing Crescent,20,2023-07-20 04:34:47,CAM 5
5f9b18853428619e97f091163e9778ff,TF_ACULEI_29052022-16125.jpg,fox,New Moon,17,2022-05-29 21:18:06,CAM 5
fd5bec1dc4ce7497bf917b4cc88537a2,TF_ACULEI_17092023-28502.jpg,deer,Waxing Crescent,13,2023-09-17 06:31:06,CAM 5
bc47bb856705d265d4e8b976965b9740,TF_ACULEI_31032022-15077.jpg,porcupine,New Moon,9,2022-03-31 01:31:01,CAM 5
1dd66523eb8337acd7c091e96f7893e0,TF_ACULEI_22072023-27678.jpg,wild boar,Waxing Crescent,26,2023-07-22 20:35:10,CAM 5
ff7e723b2b0fd11a94210f9b1d00ad5c,TF_ACULEI_29072023-27759.jpg,wild boar,Waxing Gibbous,18,2023-07-29 01:55:06,CAM 5
a49adac6593ab75fcd337944ac3e9e4e,TF_ACULEI_29032023-24912.jpg,deer,First Quarter,2,2023-03-29 07:34:31,CAM 5
1f3546dae04e371600c759b2a9102003,TF_ACULEI_24012023-22621.jpg,fox,Waxing Crescent,5,2023-01-24 07:53:50,CAM 5
19965c4d68afdd3b902fa835518fafb4,TF_ACULEI_15032023-24547.jpg,squirrel,Last Quarter,5,2023-03-15 07:30:13,CAM 5
9b1f9f0e77f54d98718c2b61085552ac,TF_ACULEI_09102022-18376.jpg,deer,Full Moon,10,2022-10-09 07:15:33,CAM 5
4b11f94f18c4c5271d9e6da27fd017a2,TF_ACULEI_20062022-16606.jpg,wild boar,Last Quarter,21,2022-06-20 00:17:27,CAM 5
62debe4a8463ec841a0dba7b12babe7f,TF_ACULEI_21092022-17918.jpg,porcupine,,,,CAM 5
1c55301e55c4e80cf85bd7bd8d24e503,TF_ACULEI_23042022-15553.jpg,wild boar,Last Quarter,12,2022-04-23 23:10:58,CAM 5
18aab2a6984d258057574d783ce569f1,TF_ACULEI_29082022-17720.jpg,wild boar,Waxing Crescent,20,2022-08-29 23:10:22,CAM 5
8edcd20523db90883f70002b5bf02353,TF_ACULEI_05082023-27877.jpg,deer,Waning Gibbous,16,2023-08-05 21:11:06,CAM 5
ead405a58c2d69ab4de1e172c82de46f,TF_ACULEI_25072023-27724.jpg,wild boar,First Quarter,94,2023-07-25 07:00:17,CAM 5
76dd4480e5788363f0f81965cdf9b8ba,TF_ACULEI_24032022-14921.jpg,wild boar,Last Quarter,2,2022-03-24 01:34:10,CAM 5
b6d18a7e9c56337bd5c830a936f235f0,TF_ACULEI_29072023-27762.jpg,wild boar,Waxing Gibbous,17,2023-07-29 05:09:56,CAM 5
46b7a1634dee4ceaa4a97ac8d651dc2e,TF_ACULEI_09042023-25332.jpg,deer,Waning Gibbous,3,2023-04-09 02:41:00,CAM 5
4dcfa0eb834bbd23537807049c8e98fe,TF_ACULEI_08122022-20423.jpg,deer,Full Moon,6,2022-12-08 07:56:20,CAM 5
eec19781b7b6317a31f390643d75555c,TF_ACULEI_28072023-27749.jpg,wild boar,Waxing Gibbous,14,2023-07-28 03:41:12,CAM 5
a582aab7eb4f9fc056f6de74bd146d51,TF_ACULEI_16052022-15932.jpg,porcupine,Full Moon,11,2022-05-16 05:32:32,CAM 5
997382013f75896dd8812a44d13560c4,TF_ACULEI_02082023-27800.jpg,porcupine,Full Moon,19,2023-08-02 02:13:53,CAM 5
81bc14058560d56c2f58f088428c6cac,TF_ACULEI_17042023-25568.jpg,deer,Waning Crescent,,2023-04-17 01:47:25,CAM 5
3880af181da6b470519316fa9b5dab01,TF_ACULEI_02102022-18183.jpg,deer,First Quarter,12,2022-10-02 23:59:36,CAM 5
f50a4ebadb1ea37eb0ea43e58dd12b4b,TF_ACULEI_01102022-18138.jpg,deer,First Quarter,12,2022-10-01 20:29:22,CAM 5
092b273053cb86fabf833e4d78867b74,TF_ACULEI_30072022-17310.jpg,wild boar,New Moon,91,2022-07-30 02:25:47,CAM 5
ff6e3e38f2a9b65fb3ee254e833ca438,TF_ACULEI_11122022-20747.jpg,wild boar,Waning Gibbous,,2022-12-11 20:13:04,CAM 5
bda282ee44ad9ea34646f6fc99e4c291,TF_ACULEI_09042023-25352.jpg,fox,Waning Gibbous,4,2023-04-09 07:30:12,CAM 5
265737ed224804d9da1f3f177c2e0757,TF_ACULEI_24022022-14435.jpg,human,Last Quarter,2,2022-02-24 04:09:10,CAM 5
81cda2d163c8d3a2c66c7dedfb266d8f,TF_ACULEI_06082023-27892.jpg,deer,Waning Gibbous,17,2023-08-06 21:56:13,CAM 5
11197d5fa1ab59a864695742c1abbe32,TF_ACULEI_29032022-15061.jpg,wild boar,Waning Crescent,10,2022-03-29 21:09:51,CAM 5
5809bdb6bc38a7d4b7711ed30f06cf9f,TF_ACULEI_22022023-24091.jpg,squirrel,Waxing Crescent,6,2023-02-22 07:15:26,CAM 5
235cc18b9655dfa9cb8621d9289e29bd,TF_ACULEI_02082023-27805.jpg,wild boar,Full Moon,17,2023-08-02 04:13:44,CAM 5
