id,image_name,predicted_animal,moon_phase,temperature,date,cam,top_predictions
5d43850350f2c9301d48e720018bb608,TF_ACULEI_10988_DSCF0046.jpg,fox,Full Moon,,2022-04-15 03:55:07,,"[{'score': 0.4304026961326599, 'label': 'fox'}, {'score': 0.2624683678150177, 'label': 'heron'}, {'score': 0.11021172255277634, 'label': 'mallard'}]"
4934d6507a2b927a768881e81db34efd,TF_ACULEI_2537_DSCF2547.jpg,fox,Waning Crescent,18,2021-06-08 01:39:20,CAM1,"[{'score': 0.5446656346321106, 'label': 'fox'}, {'score': 0.3025611340999603, 'label': 'porcupine'}, {'score': 0.12624876201152802, 'label': 'wild boar'}]"
ff354a56f12a01c1ecf326b4563842f4,TF_ACULEI_11900_DSCF0027.jpg,fox,Last Quarter,21,2022-08-21 08:05:30,CAM4,"[{'score': 0.9172366261482239, 'label': 'fox'}, {'score': 0.041365474462509155, 'label': 'wild boar'}, {'score': 0.019719453528523445, 'label': 'deer'}]"
fdf5ed7fca345c56fad9383700cf60ae,TF_ACULEI_12483_DSCF0062.jpg,deer,First Quarter,,2022-11-02 02:18:59,,"[{'score': 0.9467229247093201, 'label': 'deer'}, {'score': 0.020372599363327026, 'label': 'hare'}, {'score': 0.014550866559147835, 'label': 'fox'}]"
36c9c75465fccd56243c05e879e13844,TF_ACULEI_9275_DSCF0083.jpg,fox,Full Moon,13,2021-09-20 03:45:22,CAM1,"[{'score': 0.9930475354194641, 'label': 'fox'}, {'score': 0.004546585027128458, 'label': 'badger'}, {'score': 0.0010565175907686353, 'label': 'wolf'}]"
46ff99ececc4ad643aedffb68f252b3f,TF_ACULEI_10653_IMAG0017.jpg,fox,Full Moon,,2022-02-17 21:03:40,,"[{'score': 0.5951156616210938, 'label': 'fox'}, {'score': 0.3803789019584656, 'label': 'wolf'}, {'score': 0.009016469120979309, 'label': 'deer'}]"
6c0baf9d547d04f491e7df6bb20c5f60,TF_ACULEI_11343_IMAG0025.jpg,deer,Waxing Crescent,,2022-06-04 22:09:48,,"[{'score': 0.8658238649368286, 'label': 'deer'}, {'score': 0.07220839709043503, 'label': 'hare'}, {'score': 0.03827330097556114, 'label': 'fox'}]"
fe7983df087c9057e8027498de5f5527,TF_ACULEI_10623_DSCF0043.jpg,deer,Waxing Gibbous,2,2022-02-13 00:32:09,CAM4,"[{'score': 0.9755091667175293, 'label': 'deer'}, {'score': 0.013252835720777512, 'label': 'fox'}, {'score': 0.006095661781728268, 'label': 'hare'}]"
41769e36791f5fef11f3e354148bc1ca,TF_ACULEI_9531_IMAG0190.jpg,fox,Full Moon,,2021-10-21 21:24:34,,"[{'score': 0.9960145950317383, 'label': 'fox'}, {'score': 0.0011795528698712587, 'label': 'wolf'}, {'score': 0.0007707815966568887, 'label': 'squirrel'}]"
07be7f93ecdd445012ef7fcecf199c60,TF_ACULEI_10665_DSCF0078.jpg,deer,Waning Gibbous,,2022-02-19 07:50:07,CAM4,"[{'score': 0.974267303943634, 'label': 'deer'}, {'score': 0.015386499464511871, 'label': 'wild boar'}, {'score': 0.006964534055441618, 'label': 'hare'}]"
8f5bbafccdeb9a7fd4a49ea2604ef404,TF_ACULEI_9499_IMAG0158.jpg,hare,Waxing Crescent,,2021-10-11 05:01:47,,"[{'score': 0.8167009353637695, 'label': 'hare'}, {'score': 0.16168466210365295, 'label': 'deer'}, {'score': 0.010512431152164936, 'label': 'fox'}]"
1700b6931bea7b68ba78dae37fd5ab79,TF_ACULEI_9274_IMAG0016.jpg,horse,Waxing Gibbous,,2021-09-19 04:59:09,,"[{'score': 0.9833911657333374, 'label': 'horse'}, {'score': 0.0028815960977226496, 'label': 'deer'}, {'score': 0.0025919987820088863, 'label': 'fox'}]"
66259849e0b7d456f49b440d7caf18c8,TF_ACULEI_10373_DSCF0148.jpg,deer,First Quarter,3,2022-01-09 23:20:51,CAM4,"[{'score': 0.8478769659996033, 'label': 'deer'}, {'score': 0.0730268657207489, 'label': 'fox'}, {'score': 0.02957070618867874, 'label': 'hare'}]"
24d1ebf6ef4b38076a2083ccc087c029,TF_ACULEI_11877_DSCF0018.jpg,deer,Waning Gibbous,18,2022-08-17 00:06:04,CAM4,"[{'score': 0.9878771305084229, 'label': 'deer'}, {'score': 0.002226207870990038, 'label': 'hare'}, {'score': 0.002225745003670454, 'label': 'fox'}]"
1f26d590db983e53834499b875f76a16,TF_ACULEI_11259_DSCF0027.jpg,deer,Waning Gibbous,20,2022-05-20 21:47:27,,"[{'score': 0.7704146504402161, 'label': 'deer'}, {'score': 0.18667200207710266, 'label': 'hare'}, {'score': 0.02019217051565647, 'label': 'fox'}]"
f16e8f5a95aa52ed4c4e68cb6770f253,TF_ACULEI_11392_DSCF0172.jpg,porcupine,Waxing Gibbous,16,2022-06-10 04:33:30,,"[{'score': 0.37553641200065613, 'label': 'porcupine'}, {'score': 0.33516600728034973, 'label': 'fox'}, {'score': 0.15328754484653473, 'label': 'hare'}]"
dc9812bf56821df956b266afabacd77d,TF_ACULEI_1889_DSCF1863.jpg,fox,Waning Crescent,,2021-06-07 04:26:26,CAM1,"[{'score': 0.6487611532211304, 'label': 'fox'}, {'score': 0.21206745505332947, 'label': 'porcupine'}, {'score': 0.08379095792770386, 'label': 'wild boar'}]"
6805fb1ed020572e3e56eb50352cb96a,TF_ACULEI_11779_IMAG0019.jpg,horse,First Quarter,,2022-08-05 21:01:31,,"[{'score': 0.7158529758453369, 'label': 'horse'}, {'score': 0.1704862415790558, 'label': 'deer'}, {'score': 0.03905289247632027, 'label': 'fox'}]"
e751e7e6a9cca19e9108ca0deb3d5321,TF_ACULEI_11907_DSCF0030.jpg,wild boar,Waning Crescent,25,2022-08-23 17:57:29,CAM4,"[{'score': 0.5345473289489746, 'label': 'wild boar'}, {'score': 0.36942851543426514, 'label': 'fox'}, {'score': 0.07543197274208069, 'label': 'deer'}]"
06b4e818766c493bc80497cf87fc16ef,TF_ACULEI_12987_DSCF0421.jpg,fox,New Moon,,2022-12-22 17:12:40,CAM4,"[{'score': 0.8306125402450562, 'label': 'fox'}, {'score': 0.04740988090634346, 'label': 'wolf'}, {'score': 0.031583838164806366, 'label': 'deer'}]"
b286d3a2cbff33f8fce6ce42cf8cd3df,TF_ACULEI_10103_IMAG0150.jpg,fox,Waxing Gibbous,,2021-12-15 22:59:19,,"[{'score': 0.5301640033721924, 'label': 'fox'}, {'score': 0.1641118973493576, 'label': 'cat'}, {'score': 0.09546488523483276, 'label': 'wolf'}]"
a83ff4093b47f52e0ad64a31d769c33a,TF_ACULEI_10854_DSCF0095.jpg,wild boar,Waning Crescent,10,2022-03-29 21:09:51,CAM5,"[{'score': 0.9964019060134888, 'label': 'wild boar'}, {'score': 0.003244516672566533, 'label': 'porcupine'}, {'score': 0.00013620393292512745, 'label': 'deer'}]"
c0067322d1f95ec38f79bd7c149428c3,TF_ACULEI_14613_DSCF0212.jpg,deer,Waning Gibbous,5,2023-02-09 06:21:50,,"[{'score': 0.6276054978370667, 'label': 'deer'}, {'score': 0.2017943561077118, 'label': 'hare'}, {'score': 0.09160979092121124, 'label': 'fox'}]"
42e19a0375ed0bcdbf22ff69c1986353,TF_ACULEI_11682_DSCF0131.jpg,wild boar,Waning Crescent,,2022-07-25 05:51:47,,"[{'score': 0.9939226508140564, 'label': 'wild boar'}, {'score': 0.0013943526428192854, 'label': 'fox'}, {'score': 0.001298512564972043, 'label': 'porcupine'}]"
c33f0de4dd4fae4e1dbef9f85ef2469b,TF_ACULEI_11344_IMAG0026.jpg,deer,Waxing Crescent,,2022-06-04 22:09:57,,"[{'score': 0.9644778966903687, 'label': 'deer'}, {'score': 0.011000500060617924, 'label': 'wild boar'}, {'score': 0.009010925889015198, 'label': 'hare'}]"
72f8c7dff2a7a3193e79964bef2a2511,TF_ACULEI_2666_DSCF2670.jpg,wild boar,Waning Crescent,18,2021-06-08 02:03:43,CAM1,"[{'score': 0.9978092312812805, 'label': 'wild boar'}, {'score': 0.0015637443866580725, 'label': 'porcupine'}, {'score': 0.0001391001424053684, 'label': 'fox'}]"
0c15b1b2e05eba4a7865ed7a306aabeb,TF_ACULEI_12689_IMAG0232.jpg,badger,Waning Crescent,,2022-11-20 19:28:15,,"[{'score': 0.853937566280365, 'label': 'badger'}, {'score': 0.07782857120037079, 'label': 'porcupine'}, {'score': 0.028942907229065895, 'label': 'fox'}]"
9d8d98a78bbb663b90cb5d730d8bfad1,TF_ACULEI_10159_DSCF0009.jpg,deer,New Moon,,2022-01-03 21:45:29,CAM4,"[{'score': 0.9218301177024841, 'label': 'deer'}, {'score': 0.02915303036570549, 'label': 'hare'}, {'score': 0.02682400867342949, 'label': 'wild boar'}]"
a34b4a65a9aec84f9f4f771ec0656bde,TF_ACULEI_9149_IMAG0029.jpg,deer,Waxing Crescent,,2021-09-09 05:18:28,,"[{'score': 0.6051346063613892, 'label': 'deer'}, {'score': 0.11246682703495026, 'label': 'wild boar'}, {'score': 0.09925616532564163, 'label': 'fox'}]"
e1138da12c6c59168b4819506240bb2f,TF_ACULEI_11442_DSCF0265.jpg,fox,Last Quarter,825,2022-06-19 21:45:21,,"[{'score': 0.4190574884414673, 'label': 'fox'}, {'score': 0.2823568284511566, 'label': 'porcupine'}, {'score': 0.07993689179420471, 'label': 'deer'}]"
86b2f7e4af88ca74b69ae441f138669b,TF_ACULEI_15267_DSCF0019.jpg,deer,First Quarter,,2023-03-29 07:34:31,,"[{'score': 0.9594751596450806, 'label': 'deer'}, {'score': 0.02535894326865673, 'label': 'wild boar'}, {'score': 0.007902481593191624, 'label': 'hare'}]"
38b4a0c14b6eee27a2f9b37e3d2be974,TF_ACULEI_10086_IMAG0136.jpg,fox,Waxing Gibbous,,2021-12-15 00:35:42,,"[{'score': 0.27358436584472656, 'label': 'fox'}, {'score': 0.2119186967611313, 'label': 'horse'}, {'score': 0.0953199565410614, 'label': 'human'}]"
d49ea2585a78a97d21130d09de1e9bf4,TF_ACULEI_12427_DSCF0153.jpg,fox,Waning Crescent,8,2022-10-21 06:40:39,,"[{'score': 0.8690858483314514, 'label': 'fox'}, {'score': 0.056139666587114334, 'label': 'porcupine'}, {'score': 0.023046793416142464, 'label': 'hare'}]"
3af90a0c91c5e27485c38677e76860fe,TF_ACULEI_10652_IMAG0016.jpg,fox,Full Moon,,2022-02-17 21:03:25,,"[{'score': 0.8282622694969177, 'label': 'fox'}, {'score': 0.16146734356880188, 'label': 'wolf'}, {'score': 0.0023882382083684206, 'label': 'deer'}]"
479766458f57ed89308cba84948c1b48,TF_ACULEI_9648_IMAG0001.jpg,fox,New Moon,,2021-11-05 23:02:57,,"[{'score': 0.9840471148490906, 'label': 'fox'}, {'score': 0.00967580359429121, 'label': 'wolf'}, {'score': 0.002259236527606845, 'label': 'wild boar'}]"
25487498282a0c12e47bded5c8000522,TF_ACULEI_3402_DSCF3620.jpg,porcupine,First Quarter,20,2021-06-15 22:50:21,CAM1,"[{'score': 0.32852575182914734, 'label': 'porcupine'}, {'score': 0.20641285181045532, 'label': 'fox'}, {'score': 0.20352768898010254, 'label': 'badger'}]"
ab401ad4e2738d0ea7fdf824ec35d2b4,TF_ACULEI_12503_DSCF0192.jpg,wild boar,First Quarter,,2022-11-03 06:23:12,,"[{'score': 0.9668974876403809, 'label': 'wild boar'}, {'score': 0.01996721141040325, 'label': 'porcupine'}, {'score': 0.009731221944093704, 'label': 'fox'}]"
8a0d74a432005cb37b019df7666c200f,TF_ACULEI_9659_IMAG0021.jpg,human,Waxing Crescent,,2021-11-07 06:35:43,,"[{'score': 0.08810277283191681, 'label': 'human'}, {'score': 0.08771845698356628, 'label': 'human'}, {'score': 0.08771009743213654, 'label': 'porcupine'}]"
9e39754691ca93d8ecf65d1ef8fa48e1,TF_ACULEI_9455_IMAG0147.jpg,horse,Waxing Crescent,,2021-10-10 05:48:39,,"[{'score': 0.9865530133247375, 'label': 'horse'}, {'score': 0.0031601034570485353, 'label': 'deer'}, {'score': 0.0016766705084592104, 'label': 'wolf'}]"
7a7b95e39d1a393e5cca43ac84836171,TF_ACULEI_3993_DSCF4211.jpg,wild boar,First Quarter,,2021-06-16 00:39:57,CAM1,"[{'score': 0.9971902966499329, 'label': 'wild boar'}, {'score': 0.001148355077020824, 'label': 'porcupine'}, {'score': 0.000668280350510031, 'label': 'deer'}]"
89255780a517bbc785962a0a6b9d3537,TF_ACULEI_10803_DSCF0061.jpg,buzzard,Full Moon,7,2022-03-17 07:58:46,,"[{'score': 0.7672876715660095, 'label': 'buzzard'}, {'score': 0.21214595437049866, 'label': 'heron'}, {'score': 0.007816536352038383, 'label': 'wild boar'}]"
9f08a86af53d0485f2bda48affc87259,TF_ACULEI_9116_IMAG0077.jpg,horse,Waning Gibbous,,2021-08-28 02:24:39,,"[{'score': 0.9486179947853088, 'label': 'horse'}, {'score': 0.022529149428009987, 'label': 'deer'}, {'score': 0.012537733651697636, 'label': 'wild boar'}]"
a8a20f8a7b80a015f6f4dad803e1914f,TF_ACULEI_11169_DSCF0046.jpg,porcupine,Full Moon,12,2022-05-16 04:07:43,,"[{'score': 0.6981812715530396, 'label': 'porcupine'}, {'score': 0.284317284822464, 'label': 'wild boar'}, {'score': 0.009396713227033615, 'label': 'badger'}]"
3fa379ea8540aa3f6b8b21e0c7433ed3,TF_ACULEI_9775_DSCF0168.jpg,porcupine,Full Moon,5,2021-11-20 23:34:48,CAM1,"[{'score': 0.999915599822998, 'label': 'porcupine'}, {'score': 5.1150429499102756e-05, 'label': 'wild boar'}, {'score': 2.4266220862045884e-05, 'label': 'badger'}]"
b17fcbf13ae940c7aaeb6506d1b1a9bd,TF_ACULEI_11345_IMAG0027.jpg,deer,Waxing Crescent,,2022-06-04 22:10:07,,"[{'score': 0.9294823408126831, 'label': 'deer'}, {'score': 0.03841095790266991, 'label': 'hare'}, {'score': 0.010350165888667107, 'label': 'wild boar'}]"
a39f075df6d7bd249ac45fe4184a9596,TF_ACULEI_10009_IMAG0109.jpg,horse,New Moon,,2021-12-03 22:00:09,,"[{'score': 0.8949324488639832, 'label': 'horse'}, {'score': 0.02900640293955803, 'label': 'fox'}, {'score': 0.02579592540860176, 'label': 'deer'}]"
fb173c7cf5e1e725ee4fccbaf96f2c3d,TF_ACULEI_10550_DSCF0389.jpg,fox,Waxing Crescent,,2022-02-05 01:08:35,CAM4,"[{'score': 0.5964145064353943, 'label': 'fox'}, {'score': 0.3260834217071533, 'label': 'wolf'}, {'score': 0.03070727363228798, 'label': 'deer'}]"
4afff34f865e0172f1b6fe9c736c89b0,TF_ACULEI_14017_DSCF0144.jpg,fox,Waxing Crescent,5,2023-01-24 07:53:50,CAM5,"[{'score': 0.5294113755226135, 'label': 'fox'}, {'score': 0.23388271033763885, 'label': 'squirrel'}, {'score': 0.0865594744682312, 'label': 'wild boar'}]"
750640d2d8adf7e324d5a6867e5f1b18,TF_ACULEI_1148_DSCF1002.jpg,porcupine,Full Moon,17,2021-05-27 22:38:29,CAM1,"[{'score': 0.8720345497131348, 'label': 'porcupine'}, {'score': 0.058843500912189484, 'label': 'fox'}, {'score': 0.04821307212114334, 'label': 'wild boar'}]"
54c839a694a97724883ff9c55de31725,TF_ACULEI_11746_DSCF0037.jpg,human,Waxing Crescent,31,2022-07-31 19:42:59,,"[{'score': 0.3863208591938019, 'label': 'human'}, {'score': 0.1677156537771225, 'label': 'wild boar'}, {'score': 0.08483591675758362, 'label': 'human'}]"
20fa91f6ecb74b589fce7a9769762424,TF_ACULEI_1702_IMAG0067.jpg,deer,Last Quarter,,2021-06-02 21:49:09,,"[{'score': 0.8918618559837341, 'label': 'deer'}, {'score': 0.04383676499128342, 'label': 'fox'}, {'score': 0.019876865670084953, 'label': 'hare'}]"
5282e444f13eae0cd63bd0752b61ebc2,TF_ACULEI_7899_IMAG0006.jpg,wild boar,First Quarter,,2021-07-17 05:01:01,,"[{'score': 0.9924673438072205, 'label': 'wild boar'}, {'score': 0.0023168399930000305, 'label': 'deer'}, {'score': 0.0017859120853245258, 'label': 'porcupine'}]"
0c1cfdd2cd77b51f598f4770c4ecda4b,TF_ACULEI_16544_DSCF0106.jpg,heron,New Moon,,2023-08-15 06:49:55,,"[{'score': 0.9710381031036377, 'label': 'heron'}, {'score': 0.027873540297150612, 'label': 'buzzard'}, {'score': 0.00016603607218712568, 'label': 'mallard'}]"
2179572feed61f3873ee7a39ce08445d,TF_ACULEI_11467_DSCF0065.jpg,wild boar,Last Quarter,21,2022-06-20 00:18:30,,"[{'score': 0.7280265092849731, 'label': 'wild boar'}, {'score': 0.23556753993034363, 'label': 'porcupine'}, {'score': 0.01718442514538765, 'label': 'wolf'}]"
b27629c06ed9e31ca39603516be509a3,TF_ACULEI_9663_IMAG0027.jpg,deer,Waxing Crescent,,2021-11-07 21:38:25,,"[{'score': 0.9296643733978271, 'label': 'deer'}, {'score': 0.030743960291147232, 'label': 'fox'}, {'score': 0.011470925062894821, 'label': 'wild boar'}]"
a364710ae6aea07efd760bcaa2f7f908,TF_ACULEI_11585_DSCF0047.jpg,porcupine,Full Moon,16,2022-07-12 05:39:32,CAM5,"[{'score': 0.9365891814231873, 'label': 'porcupine'}, {'score': 0.046885181218385696, 'label': 'wild boar'}, {'score': 0.007787859998643398, 'label': 'badger'}]"
58db5b0e7aacebf3fad49e4109f6f930,TF_ACULEI_12302_DSCF0096.jpg,deer,Full Moon,10,2022-10-09 07:15:33,,"[{'score': 0.9109216332435608, 'label': 'deer'}, {'score': 0.04212801903486252, 'label': 'hare'}, {'score': 0.027694866061210632, 'label': 'wild boar'}]"
f6d965c9616f691edff2554c6754a64f,TF_ACULEI_9005_DSCF0055.jpg,wild boar,New Moon,20,2021-08-07 23:52:38,CAM2,"[{'score': 0.9364173412322998, 'label': 'wild boar'}, {'score': 0.04737923666834831, 'label': 'deer'}, {'score': 0.007198182400316, 'label': 'hare'}]"
eedd25d363aa80ebdf2090edb249664f,TF_ACULEI_14773_IMAG0364.jpg,horse,New Moon,,2023-02-19 21:12:36,,"[{'score': 0.9769042134284973, 'label': 'horse'}, {'score': 0.009073024615645409, 'label': 'human'}, {'score': 0.0030582775361835957, 'label': 'buzzard'}]"
557a297a9a385fc7edf1e365b24afc1e,TF_ACULEI_4308_DSCF4572.jpg,wild boar,First Quarter,20,2021-06-17 23:18:44,CAM1,"[{'score': 0.8661338686943054, 'label': 'wild boar'}, {'score': 0.11549211293458939, 'label': 'hare'}, {'score': 0.00828610174357891, 'label': 'fox'}]"
a6b2f5df850f743305370b7cce1381e9,TF_ACULEI_4887_IMAG0092.jpg,deer,First Quarter,,2021-06-19 06:33:26,,"[{'score': 0.9054680466651917, 'label': 'deer'}, {'score': 0.06531025469303131, 'label': 'wild boar'}, {'score': 0.016115395352244377, 'label': 'hare'}]"
c894f5a6096a39e357c0a2def4a6c976,TF_ACULEI_8472_IMAG0039.jpg,deer,Waning Gibbous,,2021-07-27 23:55:55,,"[{'score': 0.9598608613014221, 'label': 'deer'}, {'score': 0.018926672637462616, 'label': 'fox'}, {'score': 0.004632133990526199, 'label': 'squirrel'}]"
a0dda4970a68a61b02892f659e4c4193,TF_ACULEI_4891_DSCF5164.jpg,wild boar,Waxing Gibbous,21,2021-06-19 23:53:46,CAM1,"[{'score': 0.9963782429695129, 'label': 'wild boar'}, {'score': 0.0032137862872332335, 'label': 'porcupine'}, {'score': 0.00019881293701473624, 'label': 'badger'}]"
47825268906a1e447acdad4dada2faa7,TF_ACULEI_12547_DSCF0075.jpg,fox,Waning Gibbous,,2022-11-12 21:45:36,,"[{'score': 0.9984917640686035, 'label': 'fox'}, {'score': 0.0004321651067584753, 'label': 'wolf'}, {'score': 0.00032397377071902156, 'label': 'badger'}]"
efbea94fecac9182031eda7eeec6185f,TF_ACULEI_11828_DSCF0036.jpg,wild boar,Waxing Gibbous,19,2022-08-10 03:22:02,,"[{'score': 0.9852801561355591, 'label': 'wild boar'}, {'score': 0.013181575573980808, 'label': 'porcupine'}, {'score': 0.0003836062387563288, 'label': 'fox'}]"
6f11f695ca0ef91a7aed54aa9e8cc1c7,TF_ACULEI_9508_IMAG0166.jpg,deer,First Quarter,,2021-10-12 23:35:34,,"[{'score': 0.97095787525177, 'label': 'deer'}, {'score': 0.010570419020950794, 'label': 'fox'}, {'score': 0.004299589432775974, 'label': 'squirrel'}]"
65e7b62aff20e1d01545b64a4f4ba0f2,TF_ACULEI_11627_DSCF0064.jpg,deer,Last Quarter,18,2022-07-19 23:42:53,CAM4,"[{'score': 0.924485445022583, 'label': 'deer'}, {'score': 0.044759351760149, 'label': 'wild boar'}, {'score': 0.010093905963003635, 'label': 'fox'}]"
9854a94a280a28842f6460eb7374cc64,TF_ACULEI_14935_DSCF0043.jpg,heron,Waxing Gibbous,1,2023-03-03 23:36:32,,"[{'score': 0.9862025380134583, 'label': 'heron'}, {'score': 0.007937618531286716, 'label': 'fox'}, {'score': 0.0014477026415988803, 'label': 'hare'}]"
f560318c80cc79aabe17c9036ea11ae6,TF_ACULEI_11613_DSCF0055.jpg,deer,Waning Gibbous,17,2022-07-19 04:24:16,CAM4,"[{'score': 0.46985170245170593, 'label': 'deer'}, {'score': 0.21581077575683594, 'label': 'wild boar'}, {'score': 0.17702339589595795, 'label': 'fox'}]"
1f81366a7956a1756160d2a9cb91206c,TF_ACULEI_14002_IMAG0007.jpg,fox,,,,,"[{'score': 0.9098067283630371, 'label': 'fox'}, {'score': 0.038459308445453644, 'label': 'wolf'}, {'score': 0.01308324933052063, 'label': 'deer'}]"
d09067ad42f7c4fef17817a33aed4b97,TF_ACULEI_11739_DSCF0003.jpg,wild boar,New Moon,21,2022-07-30 02:25:47,CAM5,"[{'score': 0.9303457140922546, 'label': 'wild boar'}, {'score': 0.062334030866622925, 'label': 'porcupine'}, {'score': 0.0034266295842826366, 'label': 'fox'}]"
4e456215cdaf61ca58e80b7038947bcd,TF_ACULEI_2147_DSCF2152.jpg,fox,Waning Crescent,17,2021-06-08 00:29:35,CAM1,"[{'score': 0.38433462381362915, 'label': 'fox'}, {'score': 0.21031780540943146, 'label': 'wild boar'}, {'score': 0.17261311411857605, 'label': 'porcupine'}]"
9d022cfc918247028cf8ae87619d32ca,TF_ACULEI_16484_DSCF0080.jpg,deer,Waning Gibbous,,2023-08-05 21:11:05,,"[{'score': 0.9184946417808533, 'label': 'deer'}, {'score': 0.05285203456878662, 'label': 'wild boar'}, {'score': 0.011383994482457638, 'label': 'hare'}]"
41c629782807fcec31413974fb8bd3d1,TF_ACULEI_14534_DSCF0152.jpg,mallard,Full Moon,,2023-02-04 20:38:38,,"[{'score': 0.8757145404815674, 'label': 'mallard'}, {'score': 0.04189062863588333, 'label': 'fox'}, {'score': 0.03093278408050537, 'label': 'heron'}]"
9c6521edf1f0557c3d89a5cfa4a6921e,TF_ACULEI_7410_IMAG0015.jpg,fox,Waning Crescent,,2021-07-04 21:37:17,,"[{'score': 0.44754260778427124, 'label': 'fox'}, {'score': 0.38633161783218384, 'label': 'deer'}, {'score': 0.07396113872528076, 'label': 'wolf'}]"
57ed0beca0f76f1bc57359671b9dbec1,TF_ACULEI_13912_DSCF0304.jpg,badger,Waxing Gibbous,17,2021-01-26 05:48:53,CAM7,"[{'score': 0.9750242829322815, 'label': 'badger'}, {'score': 0.010897314175963402, 'label': 'porcupine'}, {'score': 0.007473261095583439, 'label': 'wild boar'}]"
561b18777ca8ef273f9d085ea6b47775,TF_ACULEI_13139_DSCF0144.jpg,deer,Waxing Gibbous,,2023-01-03 17:00:17,CAM4,"[{'score': 0.29213646054267883, 'label': 'deer'}, {'score': 0.24472780525684357, 'label': 'fox'}, {'score': 0.12327393144369125, 'label': 'wolf'}]"
4c1615fa995db767306a6fe2f65fffe7,TF_ACULEI_13020_DSCF0451.jpg,porcupine,New Moon,,2022-12-25 01:20:10,CAM4,"[{'score': 0.564026951789856, 'label': 'porcupine'}, {'score': 0.11291775107383728, 'label': 'fox'}, {'score': 0.052587103098630905, 'label': 'heron'}]"
bbf9dc30b9750ce565fc967b86c7069c,TF_ACULEI_11741_DSCF0047.jpg,wild boar,New Moon,19,2022-07-30 05:10:33,CAM4,"[{'score': 0.9920843839645386, 'label': 'wild boar'}, {'score': 0.005746711976826191, 'label': 'deer'}, {'score': 0.0012011212529614568, 'label': 'fox'}]"
b30595711461416c2851aeba8c788213,TF_ACULEI_204_IMAG0043.jpg,horse,Waxing Crescent,,2021-04-16 05:48:37,,"[{'score': 0.8971071839332581, 'label': 'horse'}, {'score': 0.034796301275491714, 'label': 'deer'}, {'score': 0.031788378953933716, 'label': 'wolf'}]"
a9d2120566e4272205014a9cda7e886b,TF_ACULEI_13902_DSCF0120.jpg,porcupine,New Moon,22,2021-01-14 00:12:37,CAM7,"[{'score': 0.5038197040557861, 'label': 'porcupine'}, {'score': 0.3544192314147949, 'label': 'fox'}, {'score': 0.06960862129926682, 'label': 'wild boar'}]"
0b8ac7e8ac29644723cc73994861288e,TF_ACULEI_14531_DSCF0149.jpg,heron,Full Moon,2,2023-02-04 19:02:32,,"[{'score': 0.993398904800415, 'label': 'heron'}, {'score': 0.0024361496325582266, 'label': 'fox'}, {'score': 0.0011971831554546952, 'label': 'mallard'}]"
02aacc146af2c9f0ef29cbe612a7ac26,TF_ACULEI_8983_IMAG0019.jpg,wild boar,New Moon,,2021-08-07 00:40:39,,"[{'score': 0.8063147664070129, 'label': 'wild boar'}, {'score': 0.15122200548648834, 'label': 'fox'}, {'score': 0.028136949986219406, 'label': 'porcupine'}]"
b6d3c04fb7db7f9ef3ad09fd59ae9590,TF_ACULEI_9077_IMAG0018.jpg,horse,Waning Gibbous,,2021-08-25 21:01:48,,"[{'score': 0.9920706152915955, 'label': 'horse'}, {'score': 0.001519488519988954, 'label': 'deer'}, {'score': 0.0012416235404089093, 'label': 'human'}]"
8ad3aab88d167629c4c55829cc5c3da9,TF_ACULEI_12051_DSCF0032.jpg,wild boar,Waning Crescent,2,2022-09-23 05:49:30,CAM4,"[{'score': 0.998101532459259, 'label': 'wild boar'}, {'score': 0.0016344278119504452, 'label': 'porcupine'}, {'score': 0.00011701438779709861, 'label': 'fox'}]"
aeed9c051ec1acc331e98e107fd76339,TF_ACULEI_16705_DSCF0077.jpg,wild boar,New Moon,17,2023-09-14 02:35:59,,"[{'score': 0.7481558918952942, 'label': 'wild boar'}, {'score': 0.22724346816539764, 'label': 'deer'}, {'score': 0.017863567918539047, 'label': 'hare'}]"
1c97857c82ac45bb0bdeda44a76b9c04,TF_ACULEI_14759_IMAG0336.jpg,porcupine,New Moon,,2023-02-18 22:43:02,,"[{'score': 0.9946020841598511, 'label': 'porcupine'}, {'score': 0.0029314847197383642, 'label': 'heron'}, {'score': 0.0012581925839185715, 'label': 'wild boar'}]"
0810d58149c27428ac242daa7c2be416,TF_ACULEI_11802_DSCF0071.jpg,fox,Waxing Gibbous,24,2022-08-07 04:55:32,CAM4,"[{'score': 0.5529590845108032, 'label': 'fox'}, {'score': 0.3013976514339447, 'label': 'wild boar'}, {'score': 0.09254084527492523, 'label': 'deer'}]"
fe3f30aa085c3ddcd26e9455c64b3e6b,TF_ACULEI_13223_IMAG0046.jpg,horse,Full Moon,,2023-01-06 23:30:14,,"[{'score': 0.6555516719818115, 'label': 'horse'}, {'score': 0.07430198043584824, 'label': 'porcupine'}, {'score': 0.06694698333740234, 'label': 'badger'}]"
a99be444310675da9c583d1549654d7c,TF_ACULEI_11847_DSCF0084.jpg,fox,Full Moon,14,2022-08-12 00:25:19,CAM4,"[{'score': 0.8004840612411499, 'label': 'fox'}, {'score': 0.09425744414329529, 'label': 'wolf'}, {'score': 0.0488954521715641, 'label': 'deer'}]"
ee27fb01208b5ad1ba188cf41e71c116,TF_ACULEI_11670_DSCF0118.jpg,deer,Waning Crescent,22,2022-07-25 01:28:12,CAM4,"[{'score': 0.8548518419265747, 'label': 'deer'}, {'score': 0.05349370092153549, 'label': 'wild boar'}, {'score': 0.046904392540454865, 'label': 'fox'}]"
4f2e1eff6a80b83b9ee486b997404b06,TF_ACULEI_11775_DSCF0067.jpg,porcupine,First Quarter,24,2022-08-04 20:25:46,CAM4,"[{'score': 0.3434769809246063, 'label': 'porcupine'}, {'score': 0.20285619795322418, 'label': 'deer'}, {'score': 0.1686452329158783, 'label': 'wild boar'}]"
eb7c798b1f8f84606da45d88f2ce363f,TF_ACULEI_10382_DSCF0157.jpg,deer,First Quarter,3,2022-01-09 23:49:47,CAM4,"[{'score': 0.907833456993103, 'label': 'deer'}, {'score': 0.029434146359562874, 'label': 'hare'}, {'score': 0.02928200736641884, 'label': 'wild boar'}]"
8574afce49ced8139e1e16b20543f8e1,TF_ACULEI_13921_DSCF0456.jpg,porcupine,New Moon,15,2021-02-12 05:22:00,CAM7,"[{'score': 0.9634156227111816, 'label': 'porcupine'}, {'score': 0.03025195375084877, 'label': 'wild boar'}, {'score': 0.002920258091762662, 'label': 'badger'}]"
3f6eeb2dc64beff05da9f384d6000661,TF_ACULEI_10156_DSCF0006.jpg,deer,New Moon,,2022-01-03 21:44:27,CAM4,"[{'score': 0.8248777985572815, 'label': 'deer'}, {'score': 0.06475339829921722, 'label': 'hare'}, {'score': 0.053154170513153076, 'label': 'fox'}]"
af5f5c32dd79affdba5e58c7c741ac0f,TF_ACULEI_16569_DSCF0123.jpg,deer,New Moon,,2023-08-16 19:13:05,,"[{'score': 0.8223273158073425, 'label': 'deer'}, {'score': 0.16247498989105225, 'label': 'wild boar'}, {'score': 0.005337830632925034, 'label': 'hare'}]"
7c251eaf4c80aaf3fa705da876e7b0c0,TF_ACULEI_16704_DSCF0075.jpg,deer,New Moon,17,2023-09-14 02:34:29,,"[{'score': 0.9257065057754517, 'label': 'deer'}, {'score': 0.03656937554478645, 'label': 'hare'}, {'score': 0.027810486033558846, 'label': 'wild boar'}]"
419d2d3e8375868b4566ab95afcd1a91,TF_ACULEI_8962_DSCF0010.jpg,fox,Waning Crescent,,2021-08-04 03:18:59,,"[{'score': 0.9951444268226624, 'label': 'fox'}, {'score': 0.002623648149892688, 'label': 'wolf'}, {'score': 0.0007035775342956185, 'label': 'badger'}]"
d4c74868e7e9b8fea574ff24bb5ddda4,TF_ACULEI_9067_IMAG0007.jpg,deer,Full Moon,,2021-08-23 03:21:31,,"[{'score': 0.9380528330802917, 'label': 'deer'}, {'score': 0.02053447626531124, 'label': 'wild boar'}, {'score': 0.019969241693615913, 'label': 'fox'}]"
2ed6fbb39167addcebc566a9c06f2449,TF_ACULEI_9676_IMAG0035.jpg,horse,First Quarter,,2021-11-12 22:10:30,,"[{'score': 0.9271700382232666, 'label': 'horse'}, {'score': 0.021159937605261803, 'label': 'fox'}, {'score': 0.017320841550827026, 'label': 'deer'}]"
7c1e95952c0c53066e1a8b1690d14a9d,TF_ACULEI_11612_DSCF0054.jpg,wild boar,Waning Gibbous,16,2022-07-19 04:23:12,CAM4,"[{'score': 0.5925484895706177, 'label': 'wild boar'}, {'score': 0.17906363308429718, 'label': 'fox'}, {'score': 0.13253533840179443, 'label': 'deer'}]"
1ec986717edb1170473d72377320cd9d,TF_ACULEI_13003_DSCF0442.jpg,buzzard,New Moon,,2022-12-23 18:08:18,CAM4,"[{'score': 0.308956503868103, 'label': 'buzzard'}, {'score': 0.27740517258644104, 'label': 'fox'}, {'score': 0.09426883608102798, 'label': 'heron'}]"
89f26792e9c0152e8a18aaa572e451d9,TF_ACULEI_10221_DSCF0061.jpg,deer,Waxing Crescent,,2022-01-04 22:15:35,CAM4,"[{'score': 0.935200035572052, 'label': 'deer'}, {'score': 0.019632894545793533, 'label': 'wild boar'}, {'score': 0.014634967781603336, 'label': 'hare'}]"
78240762938d2d24840127d5180a27ff,TF_ACULEI_7054_IMAG0125.jpg,fox,Waning Gibbous,,2021-06-28 04:35:41,,"[{'score': 0.2517871856689453, 'label': 'fox'}, {'score': 0.16663841903209686, 'label': 'wild boar'}, {'score': 0.16037264466285706, 'label': 'horse'}]"
2d64139b8042f7a42a04db645993f805,TF_ACULEI_9337_IMAG0068.jpg,deer,Waning Crescent,,2021-10-01 06:36:03,,"[{'score': 0.9812124371528625, 'label': 'deer'}, {'score': 0.006567105650901794, 'label': 'fox'}, {'score': 0.003156056394800544, 'label': 'wild boar'}]"
f97e5a023b31e8807d6382143e5070d5,TF_ACULEI_10419_DSCF0196.jpg,wild boar,Waxing Gibbous,1,2022-01-12 18:14:30,CAM4,"[{'score': 0.9800624251365662, 'label': 'wild boar'}, {'score': 0.01920943334698677, 'label': 'porcupine'}, {'score': 0.0003770250186789781, 'label': 'badger'}]"
886b930c239b3df6d46e085bb2678417,TF_ACULEI_9538_IMAG0198.jpg,horse,Full Moon,,2021-10-22 00:34:42,,"[{'score': 0.9893396496772766, 'label': 'horse'}, {'score': 0.0017632083036005497, 'label': 'human'}, {'score': 0.0013827522052451968, 'label': 'badger'}]"
abb35b7f39b11496c51a524a9afcdbfe,TF_ACULEI_11941_DSCF0053.jpg,wild boar,Waxing Crescent,20,2022-08-29 23:10:21,CAM5,"[{'score': 0.9262354373931885, 'label': 'wild boar'}, {'score': 0.06838257610797882, 'label': 'porcupine'}, {'score': 0.0027050136122852564, 'label': 'badger'}]"
6f116eb5e79d688a091d37082029d32d,TF_ACULEI_11530_DSCF0024.jpg,wild boar,Waxing Crescent,20,2022-07-01 22:02:38,,"[{'score': 0.7270283699035645, 'label': 'wild boar'}, {'score': 0.2709766626358032, 'label': 'porcupine'}, {'score': 0.0006986487424001098, 'label': 'fox'}]"
8a0eea9f65a37d93d199d58fb7b4a0e3,TF_ACULEI_187_IMAG0269.jpg,fox,Last Quarter,,2021-04-05 01:27:19,,"[{'score': 0.9750084280967712, 'label': 'fox'}, {'score': 0.01457425020635128, 'label': 'wolf'}, {'score': 0.0038826116360723972, 'label': 'badger'}]"
9becc8fbb2cb1888ea94c86f6b607ad7,TF_ACULEI_13343_IMAG0063.jpg,deer,Waning Gibbous,,2023-01-12 06:21:20,,"[{'score': 0.8221305012702942, 'label': 'deer'}, {'score': 0.05251586064696312, 'label': 'horse'}, {'score': 0.038937997072935104, 'label': 'fox'}]"
2fbff6c2abc2460732403081872437bd,TF_ACULEI_11631_DSCF0069.jpg,wild boar,Last Quarter,,2022-07-20 19:29:19,,"[{'score': 0.9985221028327942, 'label': 'wild boar'}, {'score': 0.001059959759004414, 'label': 'porcupine'}, {'score': 0.00011512531636981294, 'label': 'deer'}]"
69815928757e5d2c7f71e050c9ae79a2,TF_ACULEI_2257_DSCF2267.jpg,porcupine,Waning Crescent,,2021-06-08 00:51:50,CAM1,"[{'score': 0.7072500586509705, 'label': 'porcupine'}, {'score': 0.1298947036266327, 'label': 'fox'}, {'score': 0.0856938436627388, 'label': 'wild boar'}]"
865a8ed5223887f97718d8ab07032391,TF_ACULEI_514_DSCF0347.jpg,fox,Full Moon,11,2021-05-25 23:17:28,CAM1,"[{'score': 0.33832383155822754, 'label': 'fox'}, {'score': 0.20247487723827362, 'label': 'porcupine'}, {'score': 0.148260697722435, 'label': 'hare'}]"
d1c7026234f7cf4f9a25ac38d9d195da,TF_ACULEI_8980_IMAG0016.jpg,porcupine,New Moon,,2021-08-07 00:39:57,,"[{'score': 0.30369314551353455, 'label': 'porcupine'}, {'score': 0.20928634703159332, 'label': 'fox'}, {'score': 0.09233807027339935, 'label': 'buzzard'}]"
ab638ec8a8d5cdf8e2a98503e6a6bb35,TF_ACULEI_12966_DSCF0034.jpg,porcupine,Waning Crescent,,2022-12-18 07:20:50,,"[{'score': 0.3913430869579315, 'label': 'porcupine'}, {'score': 0.19487513601779938, 'label': 'wild boar'}, {'score': 0.18578949570655823, 'label': 'fox'}]"
3c67cf26725a0adeabe5ac2423aa367d,TF_ACULEI_10808_DSCF0061.jpg,wild boar,Full Moon,5,2022-03-18 02:05:26,CAM5,"[{'score': 0.9788421988487244, 'label': 'wild boar'}, {'score': 0.011576014570891857, 'label': 'porcupine'}, {'score': 0.0037907075602561235, 'label': 'wolf'}]"
76598d8dbb7baa95630488530a5e9732,TF_ACULEI_11747_DSCF0053.jpg,fox,Waxing Crescent,20,2022-07-31 22:11:15,CAM4,"[{'score': 0.4942258596420288, 'label': 'fox'}, {'score': 0.3927331566810608, 'label': 'wild boar'}, {'score': 0.04920688271522522, 'label': 'wolf'}]"
2eb128b1ba444997b30d9f64ae590cbc,TF_ACULEI_10684_DSCF0094.jpg,deer,Last Quarter,,2022-02-23 18:59:25,CAM4,"[{'score': 0.8730283379554749, 'label': 'deer'}, {'score': 0.0652940422296524, 'label': 'hare'}, {'score': 0.04227553308010101, 'label': 'fox'}]"
89ab566f25c71b0eef6fcd6118140c55,TF_ACULEI_14016_IMAG0035.jpg,badger,,,,,"[{'score': 0.9547732472419739, 'label': 'badger'}, {'score': 0.023738492280244827, 'label': 'fox'}, {'score': 0.01086962129920721, 'label': 'wild boar'}]"
fb98eff561dbf65d92162239075db90b,TF_ACULEI_9389_IMAG0089.jpg,wild boar,New Moon,,2021-10-05 02:12:16,,"[{'score': 0.5263640284538269, 'label': 'wild boar'}, {'score': 0.35900524258613586, 'label': 'deer'}, {'score': 0.06829280406236649, 'label': 'fox'}]"
ef873092e386736b4dbf04c7799250e8,TF_ACULEI_7890_DSCF0269.jpg,fox,First Quarter,,2021-07-16 22:37:32,CAM2,"[{'score': 0.9878952503204346, 'label': 'fox'}, {'score': 0.006457241252064705, 'label': 'wolf'}, {'score': 0.003030502935871482, 'label': 'wild boar'}]"
c8d120f3dafcef77088cda37d2b056fa,TF_ACULEI_10331_DSCF0111.jpg,wild boar,Waxing Crescent,4,2022-01-07 23:52:30,CAM4,"[{'score': 0.9987597465515137, 'label': 'wild boar'}, {'score': 0.0011728182435035706, 'label': 'porcupine'}, {'score': 1.4257502698455937e-05, 'label': 'fox'}]"
b580ab0274d2585a8d2879b46e33d09d,TF_ACULEI_9223_IMAG0099.jpg,fox,Waxing Crescent,,2021-09-10 21:59:08,,"[{'score': 0.23503926396369934, 'label': 'fox'}, {'score': 0.11961478739976883, 'label': 'human'}, {'score': 0.11625482887029648, 'label': 'buzzard'}]"
17ac5b6ce31f31eda8b9a9ba4f6d7fef,TF_ACULEI_10172_DSCF0022.jpg,fox,New Moon,,2022-01-03 21:59:32,CAM4,"[{'score': 0.4202224016189575, 'label': 'fox'}, {'score': 0.13291840255260468, 'label': 'deer'}, {'score': 0.0743650421500206, 'label': 'porcupine'}]"
28fdae59afa73a21ec167e7124fa8df8,TF_ACULEI_9093_IMAG0041.jpg,horse,Waning Gibbous,,2021-08-25 21:07:20,,"[{'score': 0.9512530565261841, 'label': 'horse'}, {'score': 0.02754766121506691, 'label': 'deer'}, {'score': 0.0069815125316381454, 'label': 'human'}]"
1e7c9716f61e469abfee4482dd56cb8c,TF_ACULEI_14000_DSCF0468.jpg,porcupine,Waxing Gibbous,11,2023-09-25 00:02:24,CAM4,"[{'score': 0.650660514831543, 'label': 'porcupine'}, {'score': 0.34263208508491516, 'label': 'wild boar'}, {'score': 0.0018009543418884277, 'label': 'fox'}]"
7442198f3a9007d5f178981a7ef692c3,TF_ACULEI_12986_IMAG0755.jpg,porcupine,New Moon,,2022-12-21 21:44:10,,"[{'score': 0.6266354918479919, 'label': 'porcupine'}, {'score': 0.10530074685811996, 'label': 'fox'}, {'score': 0.03567110374569893, 'label': 'cat'}]"
d6dfd7af535f4bd2bb76e8fe4da5fab0,TF_ACULEI_8253_IMAG0007.jpg,fox,Full Moon,,2021-07-24 02:17:26,,"[{'score': 0.9715765118598938, 'label': 'fox'}, {'score': 0.0261907447129488, 'label': 'wolf'}, {'score': 0.0006784537108615041, 'label': 'badger'}]"
ce0a7d5ea22c63f944d02b03090dcf96,TF_ACULEI_12591_DSCF0193.jpg,deer,Last Quarter,,2022-11-16 07:54:54,,"[{'score': 0.7626522183418274, 'label': 'deer'}, {'score': 0.18595759570598602, 'label': 'hare'}, {'score': 0.020951993763446808, 'label': 'wild boar'}]"
27691fbec71c0318f157f5f0ba48f083,TF_ACULEI_12333_DSCF0275.jpg,deer,Waning Gibbous,10,2022-10-12 08:05:19,CAM4,"[{'score': 0.875322699546814, 'label': 'deer'}, {'score': 0.044942457228899, 'label': 'hare'}, {'score': 0.042196668684482574, 'label': 'wild boar'}]"
81a00f936f88058de585c51cf1556515,TF_ACULEI_636_DSCF0488.jpg,wild boar,Full Moon,11,2021-05-25 23:44:33,CAM1,"[{'score': 0.8586868643760681, 'label': 'wild boar'}, {'score': 0.11223054677248001, 'label': 'porcupine'}, {'score': 0.019943544641137123, 'label': 'badger'}]"
53094e4e689670f89266424c1511894a,TF_ACULEI_11565_DSCF0029.jpg,wild boar,First Quarter,,2022-07-07 12:29:56,,"[{'score': 0.5274441838264465, 'label': 'wild boar'}, {'score': 0.4397884011268616, 'label': 'deer'}, {'score': 0.01754710078239441, 'label': 'fox'}]"
6bb535ac3027c80a8aedace29f9f53d2,TF_ACULEI_11068_DSCF0215.jpg,fox,New Moon,,2022-05-01 01:40:17,CAM4,"[{'score': 0.28076595067977905, 'label': 'fox'}, {'score': 0.1135665625333786, 'label': 'hare'}, {'score': 0.11096520721912384, 'label': 'deer'}]"
cc5894ba708bc1d4ed01716a0477d440,TF_ACULEI_10978_DSCF0045.jpg,heron,Full Moon,20,2022-04-14 19:10:35,,"[{'score': 0.9977689981460571, 'label': 'heron'}, {'score': 0.00048029530444182456, 'label': 'buzzard'}, {'score': 0.0003181438078172505, 'label': 'wild boar'}]"
7fadcb27ecf6224fe2aabd656278ebb1,TF_ACULEI_692_DSCF0546.jpg,wild boar,Full Moon,11,2021-05-25 23:59:00,CAM1,"[{'score': 0.99434894323349, 'label': 'wild boar'}, {'score': 0.0045583127066493034, 'label': 'porcupine'}, {'score': 0.0002767696569208056, 'label': 'badger'}]"
d73d05bd382b00cc86b16cf8c2a9b7be,TF_ACULEI_9324_IMAG0061.jpg,porcupine,Last Quarter,,2021-09-28 22:38:46,,"[{'score': 0.9997875094413757, 'label': 'porcupine'}, {'score': 0.00011405305849621072, 'label': 'badger'}, {'score': 8.360517676919699e-05, 'label': 'wild boar'}]"
9a780c3b193a56a154469cef768dc24c,TF_ACULEI_12973_DSCF0417.jpg,cat,Waning Crescent,,2022-12-19 02:14:46,,"[{'score': 0.18154726922512054, 'label': 'cat'}, {'score': 0.1422393023967743, 'label': 'horse'}, {'score': 0.13085141777992249, 'label': 'fox'}]"
1144d4bacd31aaa01613daf2fc98cba9,TF_ACULEI_14009_DSCF0028.jpg,wild boar,Full Moon,,2023-11-27 19:38:50,CAM4,"[{'score': 0.9840054512023926, 'label': 'wild boar'}, {'score': 0.015229923650622368, 'label': 'porcupine'}, {'score': 0.00018770732276607305, 'label': 'fox'}]"
8352c4d518754a2c0ac1a3a040b67a07,TF_ACULEI_10443_DSCF0250.jpg,porcupine,Waning Gibbous,,2022-01-20 18:23:19,CAM4,"[{'score': 0.9985131621360779, 'label': 'porcupine'}, {'score': 0.0010978936916217208, 'label': 'wild boar'}, {'score': 0.00023328825773205608, 'label': 'badger'}]"
134d1e75dcf27f0047bef0e81e974cb3,TF_ACULEI_14412_DSCF0027.jpg,wild boar,Waxing Gibbous,,2023-01-31 18:34:16,CAM4,"[{'score': 0.9608529210090637, 'label': 'wild boar'}, {'score': 0.030188290402293205, 'label': 'porcupine'}, {'score': 0.0035191832575947046, 'label': 'wolf'}]"
9f252c5fc9abd44740d0d3b31a39db64,TF_ACULEI_12119_DSCF0043.jpg,horse,Waxing Crescent,17,2022-09-28 18:07:23,CAM4,"[{'score': 0.6154640316963196, 'label': 'horse'}, {'score': 0.22562892735004425, 'label': 'wild boar'}, {'score': 0.07786203175783157, 'label': 'deer'}]"
f19fa1d2fe0914ca668e4215ea0996f8,TF_ACULEI_11268_DSCF0072.jpg,wild boar,Waning Gibbous,17,2022-05-20 23:01:21,,"[{'score': 0.9960768818855286, 'label': 'wild boar'}, {'score': 0.00356475031003356, 'label': 'porcupine'}, {'score': 8.649873052490875e-05, 'label': 'fox'}]"
f5ebbe9c3a5249c3804b0ca5003cdbfb,TF_ACULEI_7421_IMAG0023.jpg,horse,Waning Crescent,,2021-07-06 04:42:59,,"[{'score': 0.9038050770759583, 'label': 'horse'}, {'score': 0.07428214699029922, 'label': 'wild boar'}, {'score': 0.009132935665547848, 'label': 'deer'}]"
3d530696c027ff17957d6b4c0befa8ad,TF_ACULEI_9040_DSCF0087.jpg,fox,Waxing Crescent,19,2021-08-13 02:31:26,CAM2,"[{'score': 0.9896261692047119, 'label': 'fox'}, {'score': 0.004131229594349861, 'label': 'hare'}, {'score': 0.0032740423921495676, 'label': 'wolf'}]"
d91d3b482aea6dbfeffa6aefcb9a5470,TF_ACULEI_12988_DSCF0422.jpg,fox,New Moon,,2022-12-22 17:12:40,CAM4,"[{'score': 0.6170130968093872, 'label': 'fox'}, {'score': 0.15411078929901123, 'label': 'deer'}, {'score': 0.05739608407020569, 'label': 'horse'}]"
aeed9c051ec1acc331e98e107fd76339,TF_ACULEI_13974_DSCF0077.jpg,wild boar,New Moon,17,2023-09-14 02:35:59,,"[{'score': 0.7481558918952942, 'label': 'wild boar'}, {'score': 0.22724346816539764, 'label': 'deer'}, {'score': 0.017863567918539047, 'label': 'hare'}]"
fce03e7c0fc87685ade191bad8642d18,TF_ACULEI_190_IMAG0282.jpg,fox,Waning Crescent,,2021-04-07 02:19:21,,"[{'score': 0.6362825632095337, 'label': 'fox'}, {'score': 0.11075465381145477, 'label': 'hare'}, {'score': 0.05187224596738815, 'label': 'wolf'}]"
bb75facc6e0eb3372a15bffd6684e74c,TF_ACULEI_11642_DSCF0084.jpg,wild boar,Waning Crescent,18,2022-07-23 05:24:28,CAM4,"[{'score': 0.9716851115226746, 'label': 'wild boar'}, {'score': 0.014056181535124779, 'label': 'porcupine'}, {'score': 0.007718034088611603, 'label': 'deer'}]"
27fd2c97ac9a98b67f6a428e3da87def,TF_ACULEI_10445_DSCF0252.jpg,porcupine,Waning Gibbous,,2022-01-20 18:23:20,CAM4,"[{'score': 0.9997840523719788, 'label': 'porcupine'}, {'score': 0.00014896737411618233, 'label': 'wild boar'}, {'score': 2.1508771169465035e-05, 'label': 'badger'}]"
13bfd1d982a7ac337def24cf69c3345f,TF_ACULEI_9092_IMAG0040.jpg,horse,Waning Gibbous,,2021-08-25 21:07:11,,"[{'score': 0.980773389339447, 'label': 'horse'}, {'score': 0.004251155070960522, 'label': 'human'}, {'score': 0.003214588388800621, 'label': 'human'}]"
9ebc286d4ce33dad44111ca3871e568e,TF_ACULEI_10384_DSCF0159.jpg,deer,First Quarter,3,2022-01-09 23:49:48,CAM4,"[{'score': 0.9383388757705688, 'label': 'deer'}, {'score': 0.021887073293328285, 'label': 'hare'}, {'score': 0.013811088167130947, 'label': 'wild boar'}]"
68caa3ca9fca72286a0a21e1c3473232,TF_ACULEI_11610_DSCF0053.jpg,deer,Waning Gibbous,21,2022-07-18 22:08:39,CAM4,"[{'score': 0.8101969361305237, 'label': 'deer'}, {'score': 0.13143965601921082, 'label': 'wild boar'}, {'score': 0.03585398569703102, 'label': 'hare'}]"
aa48dd7c9120c25680571f06d5f52a08,TF_ACULEI_11004_DSCF0052.jpg,heron,Waning Gibbous,,2022-04-18 20:20:14,,"[{'score': 0.9939290285110474, 'label': 'heron'}, {'score': 0.0021808685269206762, 'label': 'fox'}, {'score': 0.0011509766336530447, 'label': 'mallard'}]"
9822e27048d7ae553d7ac18b656ee3a0,TF_ACULEI_9790_DSCF0183.jpg,porcupine,Full Moon,5,2021-11-20 23:41:43,CAM1,"[{'score': 0.9996923208236694, 'label': 'porcupine'}, {'score': 0.00023416905605699867, 'label': 'wild boar'}, {'score': 2.4788805603748187e-05, 'label': 'badger'}]"
1b7b0a2c836e5342f7a2c963eb2abd16,TF_ACULEI_15114_DSCF0145.jpg,wild boar,Waning Crescent,4,2023-03-19 06:32:40,CAM6,"[{'score': 0.9660208225250244, 'label': 'wild boar'}, {'score': 0.014979083091020584, 'label': 'porcupine'}, {'score': 0.007135030813515186, 'label': 'deer'}]"
4938f514c3d005a3bd34d1f35880aec1,TF_ACULEI_11146_IMAG0009.jpg,porcupine,Full Moon,,2022-05-16 03:39:26,,"[{'score': 0.41632896661758423, 'label': 'porcupine'}, {'score': 0.17503373324871063, 'label': 'fox'}, {'score': 0.09191718697547913, 'label': 'buzzard'}]"
d9cf1474bf05e30dea3833bbc9827a74,TF_ACULEI_7415_IMAG0017.jpg,horse,Waning Crescent,,2021-07-06 04:40:59,,"[{'score': 0.8361614942550659, 'label': 'horse'}, {'score': 0.0908089280128479, 'label': 'wild boar'}, {'score': 0.02833344228565693, 'label': 'deer'}]"
44d3bc6a1b3928e03d6fede6f4fc72c8,TF_ACULEI_12361_DSCF0298.jpg,deer,Waning Gibbous,5,2022-10-14 06:59:06,CAM4,"[{'score': 0.5005376935005188, 'label': 'deer'}, {'score': 0.24435704946517944, 'label': 'fox'}, {'score': 0.22270572185516357, 'label': 'hare'}]"
1c855c8a35bd4280bce6c330d9200464,TF_ACULEI_14679_IMAG0321.jpg,fox,Last Quarter,,2023-02-13 07:55:17,,"[{'score': 0.9767974019050598, 'label': 'fox'}, {'score': 0.013931273482739925, 'label': 'wild boar'}, {'score': 0.0031520293559879065, 'label': 'deer'}]"
8c881f889437b1c0916ac706be9ac32e,TF_ACULEI_10511_DSCF0330.jpg,badger,Last Quarter,7,2022-01-26 00:40:05,CAM4,"[{'score': 0.3933967351913452, 'label': 'badger'}, {'score': 0.35033905506134033, 'label': 'fox'}, {'score': 0.20850546658039093, 'label': 'porcupine'}]"
a867d96340146c0b2b78b6fb4342e643,TF_ACULEI_16649_IMAG0099.jpg,fox,Waxing Gibbous,,2023-08-26 22:21:09,,"[{'score': 0.9949776530265808, 'label': 'fox'}, {'score': 0.0018151106778532267, 'label': 'hare'}, {'score': 0.001042765798047185, 'label': 'badger'}]"
6ecfcf97049f43de15fbdd9ac26882aa,TF_ACULEI_13195_DSCF0172.jpg,wild boar,Full Moon,,2023-01-06 00:40:27,CAM4,"[{'score': 0.9516229629516602, 'label': 'wild boar'}, {'score': 0.04707764834165573, 'label': 'porcupine'}, {'score': 0.00033171026734635234, 'label': 'badger'}]"
bd9a78024096a25448d7475654b062e9,TF_ACULEI_8991_IMAG0029.jpg,wild boar,New Moon,,2021-08-07 00:43:53,,"[{'score': 0.989066481590271, 'label': 'wild boar'}, {'score': 0.009205082431435585, 'label': 'porcupine'}, {'score': 0.0007638937677256763, 'label': 'deer'}]"
bc509041f1c8418d6aabb640cdde1eaa,TF_ACULEI_11624_DSCF0061.jpg,deer,Last Quarter,18,2022-07-19 23:12:29,CAM4,"[{'score': 0.847436785697937, 'label': 'deer'}, {'score': 0.07145772874355316, 'label': 'wild boar'}, {'score': 0.03723533824086189, 'label': 'fox'}]"
d7bfaa904dfa0de7f4ce0261a1d88a77,TF_ACULEI_2219_DSCF2229.jpg,wild boar,Waning Crescent,17,2021-06-08 00:45:03,CAM1,"[{'score': 0.9236955046653748, 'label': 'wild boar'}, {'score': 0.05877402052283287, 'label': 'porcupine'}, {'score': 0.009480716660618782, 'label': 'fox'}]"
d0577d0d27f674c6232a9bda8427b949,TF_ACULEI_11293_DSCF0083.jpg,wild boar,Last Quarter,13,2022-05-23 04:25:07,,"[{'score': 0.9895893931388855, 'label': 'wild boar'}, {'score': 0.009722358547151089, 'label': 'porcupine'}, {'score': 0.00018626994278747588, 'label': 'fox'}]"
4e05cf29381b21190c762da736d839e4,TF_ACULEI_14992_IMAG0118.jpg,porcupine,Waning Gibbous,,2023-03-09 22:36:50,,"[{'score': 0.301706463098526, 'label': 'porcupine'}, {'score': 0.11659185588359833, 'label': 'fox'}, {'score': 0.09198456257581711, 'label': 'wolf'}]"
f4681c6e45722780b0e007785227ebdd,TF_ACULEI_11257_DSCF0025.jpg,deer,Waning Gibbous,20,2022-05-20 21:45:23,,"[{'score': 0.8421458601951599, 'label': 'deer'}, {'score': 0.09387556463479996, 'label': 'hare'}, {'score': 0.03654157370328903, 'label': 'fox'}]"
cc98626aa95929de45d2dcb33b126fe8,TF_ACULEI_7704_DSCF0013.jpg,wild boar,Waxing Crescent,24,2021-07-12 22:27:58,CAM2,"[{'score': 0.9985412359237671, 'label': 'wild boar'}, {'score': 0.0011138134868815541, 'label': 'porcupine'}, {'score': 0.00016444423818029463, 'label': 'wolf'}]"
d1d6d6eb765efc9c45b6466166047e26,TF_ACULEI_9150_IMAG0030.jpg,wild boar,Waxing Crescent,,2021-09-09 05:21:14,,"[{'score': 0.8236495852470398, 'label': 'wild boar'}, {'score': 0.05495546758174896, 'label': 'porcupine'}, {'score': 0.044858139008283615, 'label': 'deer'}]"
f61b84ad0e6c08a23f54b06d3edd942c,TF_ACULEI_12560_DSCF0106.jpg,badger,Waning Gibbous,,2022-11-13 18:25:08,,"[{'score': 0.9258880615234375, 'label': 'badger'}, {'score': 0.05022004619240761, 'label': 'fox'}, {'score': 0.010750808753073215, 'label': 'porcupine'}]"
66392abc4648072ab3a10e8331172667,TF_ACULEI_13130_DSCF0125.jpg,fox,Waxing Gibbous,,2023-01-02 17:09:11,CAM4,"[{'score': 0.6643339991569519, 'label': 'fox'}, {'score': 0.11288223415613174, 'label': 'deer'}, {'score': 0.0671183243393898, 'label': 'hare'}]"
b8d91786dace7fdcc000a750549ba6a7,TF_ACULEI_795_IMAG0059.jpg,deer,Full Moon,,2021-05-27 05:41:50,,"[{'score': 0.9162048697471619, 'label': 'deer'}, {'score': 0.046341970562934875, 'label': 'hare'}, {'score': 0.03165411949157715, 'label': 'wild boar'}]"
297fa3dab0e7411aeb3ef223cdd8a1e6,TF_ACULEI_7878_DSCF0263.jpg,fox,Waxing Crescent,13,2021-07-15 02:35:20,CAM2,"[{'score': 0.9757149815559387, 'label': 'fox'}, {'score': 0.009020058438181877, 'label': 'wild boar'}, {'score': 0.007981320843100548, 'label': 'wolf'}]"
25c833600d9c855649a8fbaced6c88d9,TF_ACULEI_12616_DSCF0198.jpg,fox,Last Quarter,11,2022-11-18 00:08:25,CAM4,"[{'score': 0.9967681169509888, 'label': 'fox'}, {'score': 0.0013488925760611892, 'label': 'wolf'}, {'score': 0.0005417041829787195, 'label': 'hare'}]"
2d7fa9b53a33c3dab554e77aeed954e4,TF_ACULEI_10378_DSCF0153.jpg,fox,First Quarter,3,2022-01-09 23:23:27,CAM4,"[{'score': 0.30547672510147095, 'label': 'fox'}, {'score': 0.2773181200027466, 'label': 'deer'}, {'score': 0.12687325477600098, 'label': 'porcupine'}]"
2eed7cfbe597557eb7428f9d2129d756,TF_ACULEI_9396_IMAG0098.jpg,wolf,New Moon,,2021-10-05 06:11:31,,"[{'score': 0.4653172791004181, 'label': 'wolf'}, {'score': 0.203769251704216, 'label': 'fox'}, {'score': 0.1341719776391983, 'label': 'porcupine'}]"
5b75fc7a529a1d657e2673eadf0ca1d3,TF_ACULEI_9523_IMAG0172.jpg,wild boar,First Quarter,,2021-10-14 21:40:14,,"[{'score': 0.9937719702720642, 'label': 'wild boar'}, {'score': 0.004000321961939335, 'label': 'porcupine'}, {'score': 0.0011629927903413773, 'label': 'deer'}]"
2bcd5eeb7f5e21df41731601e359bc13,TF_ACULEI_11600_DSCF0038.jpg,deer,Waning Gibbous,30,2022-07-15 20:36:44,CAM4,"[{'score': 0.264903724193573, 'label': 'deer'}, {'score': 0.218678280711174, 'label': 'fox'}, {'score': 0.15614406764507294, 'label': 'hare'}]"
c3619d744b6101d7e6d210389c9e69c5,TF_ACULEI_11341_IMAG0023.jpg,deer,Waxing Crescent,,2022-06-04 22:08:58,,"[{'score': 0.9379061460494995, 'label': 'deer'}, {'score': 0.035825297236442566, 'label': 'wild boar'}, {'score': 0.009433646686375141, 'label': 'hare'}]"
fd7ab8827bbdf71f1b1ad046609a998d,TF_ACULEI_9507_IMAG0165.jpg,deer,First Quarter,,2021-10-12 23:35:23,,"[{'score': 0.8493424654006958, 'label': 'deer'}, {'score': 0.06714658439159393, 'label': 'fox'}, {'score': 0.03628358244895935, 'label': 'hare'}]"
026ee76ab0b870e97d75995e66e7a5d6,TF_ACULEI_16464_DSCF0064.jpg,porcupine,Full Moon,19,2023-08-02 02:13:53,CAM5,"[{'score': 0.3727433979511261, 'label': 'porcupine'}, {'score': 0.1765042543411255, 'label': 'fox'}, {'score': 0.06340128183364868, 'label': 'wolf'}]"
8d2bafb11d38c16627703f8ba880dc6d,TF_ACULEI_10883_DSCF0003.jpg,wolf,Waxing Crescent,3,2022-04-05 06:09:17,CAM5,"[{'score': 0.5539432168006897, 'label': 'wolf'}, {'score': 0.3261953294277191, 'label': 'fox'}, {'score': 0.05138871446251869, 'label': 'deer'}]"
650d082c25a10eb544aa366d26223179,TF_ACULEI_14707_DSCF0193.jpg,wild boar,Waning Crescent,,2023-02-15 21:09:30,CAM4,"[{'score': 0.9506938457489014, 'label': 'wild boar'}, {'score': 0.04846645146608353, 'label': 'porcupine'}, {'score': 0.00024166121147572994, 'label': 'wolf'}]"
91e9aa49fcd15baf9f42f47631fe85c7,TF_ACULEI_8979_DSCF0007.jpg,wild boar,New Moon,,2021-08-07 00:24:55,,"[{'score': 0.6819400787353516, 'label': 'wild boar'}, {'score': 0.19510874152183533, 'label': 'fox'}, {'score': 0.09165813773870468, 'label': 'wolf'}]"
52b0d7c9673db8c5b43480cc38f3ce04,TF_ACULEI_9054_IMAG0067.jpg,deer,First Quarter,,2021-08-16 01:23:04,,"[{'score': 0.9503026008605957, 'label': 'deer'}, {'score': 0.019889801740646362, 'label': 'hare'}, {'score': 0.012560070492327213, 'label': 'fox'}]"
662468167931cd49c08e96b922bb841b,TF_ACULEI_7857_DSCF0139.jpg,wild boar,Waxing Crescent,16,2021-07-14 06:43:25,CAM1,"[{'score': 0.9963738322257996, 'label': 'wild boar'}, {'score': 0.0030200211331248283, 'label': 'porcupine'}, {'score': 0.000265899405349046, 'label': 'badger'}]"
0945eeb53d08e3864b95a4e80e124e21,TF_ACULEI_12512_DSCF0220.jpg,deer,Waxing Gibbous,,2022-11-06 05:12:55,,"[{'score': 0.9186294078826904, 'label': 'deer'}, {'score': 0.025429200381040573, 'label': 'wild boar'}, {'score': 0.02345602959394455, 'label': 'hare'}]"
08e63ef5e835f79b214ff183ca18a25a,TF_ACULEI_9552_IMAG0212.jpg,horse,Full Moon,,2021-10-22 00:36:50,,"[{'score': 0.9844714999198914, 'label': 'horse'}, {'score': 0.0026802350766956806, 'label': 'wolf'}, {'score': 0.0023435596376657486, 'label': 'deer'}]"
a928aa35a2e9ff4e47bf258c811969ab,TF_ACULEI_16386_DSCF0027.jpg,deer,First Quarter,825,2023-07-24 23:06:17,,"[{'score': 0.9460040926933289, 'label': 'deer'}, {'score': 0.03288858383893967, 'label': 'wild boar'}, {'score': 0.006080724764615297, 'label': 'hare'}]"
3e579f4ac7a69efc8b553deda8f2d8a4,TF_ACULEI_11107_DSCF0012.jpg,heron,Waxing Gibbous,,2022-05-11 23:26:41,,"[{'score': 0.9890831708908081, 'label': 'heron'}, {'score': 0.005851596128195524, 'label': 'fox'}, {'score': 0.0010680335108190775, 'label': 'buzzard'}]"
b41a2f4c5c817eca7db5b7056415dd2c,TF_ACULEI_2928_DSCF2978.jpg,wild boar,New Moon,,2021-06-10 21:44:54,CAM1,"[{'score': 0.9860652685165405, 'label': 'wild boar'}, {'score': 0.012483554892241955, 'label': 'porcupine'}, {'score': 0.0010919207707047462, 'label': 'badger'}]"
908d9692a582939d019ccba627966e9c,TF_ACULEI_10648_DSCF0021.jpg,wild boar,Full Moon,2,2022-02-16 19:42:42,,"[{'score': 0.9956346154212952, 'label': 'wild boar'}, {'score': 0.003980136476457119, 'label': 'porcupine'}, {'score': 0.000112906054710038, 'label': 'fox'}]"
310a2af9e5016babc616950c17cf4e3d,TF_ACULEI_11039_DSCF0054.jpg,mallard,Waning Crescent,3,2022-04-27 06:14:18,,"[{'score': 0.5277467370033264, 'label': 'mallard'}, {'score': 0.3468852937221527, 'label': 'heron'}, {'score': 0.03720440715551376, 'label': 'fox'}]"
b12b5f7669479c345ed07418aeac73d2,TF_ACULEI_9710_IMAG0052.jpg,deer,Full Moon,,2021-11-17 21:21:11,,"[{'score': 0.9569960236549377, 'label': 'deer'}, {'score': 0.015544765628874302, 'label': 'fox'}, {'score': 0.009024599567055702, 'label': 'hare'}]"
7b3fa1357a49f35cbadf5c5082e79bf2,TF_ACULEI_14970_DSCF0031.jpg,deer,Full Moon,6,2023-03-08 00:41:24,CAM5,"[{'score': 0.913551390171051, 'label': 'deer'}, {'score': 0.051360148936510086, 'label': 'hare'}, {'score': 0.010404974222183228, 'label': 'fox'}]"
2eb128b1ba444997b30d9f64ae590cbc,TF_ACULEI_10808_DSCF0061.jpg.jpg,deer,Last Quarter,,2022-02-23 18:59:25,CAM4,"[{'score': 0.8730283379554749, 'label': 'deer'}, {'score': 0.0652940422296524, 'label': 'hare'}, {'score': 0.04227553308010101, 'label': 'fox'}]"
90b521458c2fbc8f081fc31fdf988327,TF_ACULEI_15067_IMAG0147.jpg,porcupine,Last Quarter,,2023-03-16 00:07:39,,"[{'score': 0.9257636070251465, 'label': 'porcupine'}, {'score': 0.026216348633170128, 'label': 'heron'}, {'score': 0.006832860875874758, 'label': 'cat'}]"
ef3982e1578d8162651d8f155d4c9b0c,TF_ACULEI_13093_IMAG0026.jpg,horse,First Quarter,,2022-12-31 01:21:49,,"[{'score': 0.9732853174209595, 'label': 'horse'}, {'score': 0.007488108240067959, 'label': 'human'}, {'score': 0.0036593449767678976, 'label': 'human'}]"
8b05eb4c754304c6c130c073535ea4ac,TF_ACULEI_9056_DSCF0013.jpg,fox,First Quarter,,2021-08-16 23:32:47,,"[{'score': 0.5819302797317505, 'label': 'fox'}, {'score': 0.30629387497901917, 'label': 'wild boar'}, {'score': 0.10543019324541092, 'label': 'wolf'}]"
95f8d8e7039afc63662c9771c16a0724,TF_ACULEI_13987_DSCF0115.jpg,deer,Waxing Crescent,17,2023-09-19 00:03:33,CAM6,"[{'score': 0.585766077041626, 'label': 'deer'}, {'score': 0.19569465517997742, 'label': 'hare'}, {'score': 0.16669608652591705, 'label': 'wild boar'}]"
fa7ab4bfc06b7a871330e0f083cc0c42,TF_ACULEI_13954_IMAG0099.jpg,fox,,,,,"[{'score': 0.9865977764129639, 'label': 'fox'}, {'score': 0.003648261073976755, 'label': 'deer'}, {'score': 0.003437764709815383, 'label': 'badger'}]"
c3f7e515d6d137c4e45af0c7ab696e14,TF_ACULEI_10866_DSCF0109.jpg,wild boar,New Moon,,2022-04-01 03:42:50,,"[{'score': 0.9733681082725525, 'label': 'wild boar'}, {'score': 0.020683083683252335, 'label': 'porcupine'}, {'score': 0.0025672984775155783, 'label': 'fox'}]"
faf13c6ac7446a6debb90b515a1aaf4b,TF_ACULEI_2812_DSCF2841.jpg,porcupine,New Moon,16,2021-06-10 01:47:49,CAM1,"[{'score': 0.8975404500961304, 'label': 'porcupine'}, {'score': 0.06342734396457672, 'label': 'wild boar'}, {'score': 0.025001537054777145, 'label': 'fox'}]"
a7df503ffeee71f4c99f57ca7eae9279,TF_ACULEI_14034_DSCF0160.jpg,wild boar,New Moon,,2023-12-13 19:53:11,CAM4,"[{'score': 0.9980782270431519, 'label': 'wild boar'}, {'score': 0.001738694147206843, 'label': 'porcupine'}, {'score': 0.00010057641338789836, 'label': 'deer'}]"
b607aca8bfa8e48f94ef659cb62a395f,TF_ACULEI_1773_DSCF1696.jpg,wild boar,Last Quarter,15,2021-06-04 01:15:52,CAM1,"[{'score': 0.9829710125923157, 'label': 'wild boar'}, {'score': 0.015544133260846138, 'label': 'porcupine'}, {'score': 0.0010046422248706222, 'label': 'badger'}]"
bbebd84126cb7f174f28ae5909f0f114,TF_ACULEI_9387_IMAG0087.jpg,porcupine,New Moon,,2021-10-05 02:09:10,,"[{'score': 0.5689809322357178, 'label': 'porcupine'}, {'score': 0.30637192726135254, 'label': 'wild boar'}, {'score': 0.04599018022418022, 'label': 'fox'}]"
4b162f8b2a69c529faa0ffd35a0d8c4a,TF_ACULEI_11917_DSCF0036.jpg,wild boar,New Moon,27,2022-08-26 18:05:10,CAM4,"[{'score': 0.3984801471233368, 'label': 'wild boar'}, {'score': 0.37373390793800354, 'label': 'deer'}, {'score': 0.1801460087299347, 'label': 'fox'}]"
434dd8946983cc1a26f9fe186303f53e,TF_ACULEI_11117_DSCF0037.jpg,wild boar,Waxing Gibbous,12,2022-05-12 21:57:12,CAM4,"[{'score': 0.9998948574066162, 'label': 'wild boar'}, {'score': 3.88767002732493e-05, 'label': 'deer'}, {'score': 3.652713348856196e-05, 'label': 'porcupine'}]"
0119aefeffd2d3d6cce462182a35a136,TF_ACULEI_10304_IMAG0102.jpg,horse,Waxing Crescent,,2022-01-07 21:45:01,,"[{'score': 0.9628483057022095, 'label': 'horse'}, {'score': 0.01499035395681858, 'label': 'deer'}, {'score': 0.0058390176855027676, 'label': 'wolf'}]"
c57a846e2638165eb1512e11a9242b53,TF_ACULEI_9813_IMAG0059.jpg,horse,Waning Gibbous,,2021-11-21 21:08:10,,"[{'score': 0.6965577006340027, 'label': 'horse'}, {'score': 0.19225963950157166, 'label': 'fox'}, {'score': 0.03429332375526428, 'label': 'deer'}]"
5cec16b4f102bb18d72ec72664f2be2a,TF_ACULEI_11712_DSCF0017.jpg,wild boar,New Moon,20,2022-07-27 20:57:02,CAM4,"[{'score': 0.9470073580741882, 'label': 'wild boar'}, {'score': 0.03077579103410244, 'label': 'fox'}, {'score': 0.008355914615094662, 'label': 'wolf'}]"
3d310764586c4287566f593f3ac4b3d6,TF_ACULEI_14544_IMAG0182.jpg,horse,Full Moon,,2023-02-04 22:27:01,,"[{'score': 0.8831759095191956, 'label': 'horse'}, {'score': 0.08780509233474731, 'label': 'deer'}, {'score': 0.006467451341450214, 'label': 'fox'}]"
15057b5108399b1186b22513387b382e,TF_ACULEI_12515_DSCF0597.jpg,horse,Full Moon,,2022-11-08 17:08:03,,"[{'score': 0.4197063446044922, 'label': 'horse'}, {'score': 0.34839969873428345, 'label': 'wild boar'}, {'score': 0.15577952563762665, 'label': 'deer'}]"
686cd2f73c3b3bda323aaa9a16f687b8,TF_ACULEI_15037_DSCF0069.jpg,wild boar,Last Quarter,10,2023-03-13 22:13:02,CAM5,"[{'score': 0.9961825013160706, 'label': 'wild boar'}, {'score': 0.003580918535590172, 'label': 'porcupine'}, {'score': 5.385092299547978e-05, 'label': 'badger'}]"
72ff61c8a527d635221d3c24f5394b10,TF_ACULEI_13008_DSCF0448.jpg,buzzard,New Moon,8,2022-12-24 08:54:55,CAM4,"[{'score': 0.9387988448143005, 'label': 'buzzard'}, {'score': 0.032436270266771317, 'label': 'mallard'}, {'score': 0.023858729749917984, 'label': 'heron'}]"
83da64fb50a0a8fadfd6292f31f79bb4,TF_ACULEI_13709_DSCF0466.jpg,heron,New Moon,1,2023-01-20 21:08:42,,"[{'score': 0.9838338494300842, 'label': 'heron'}, {'score': 0.004660052713006735, 'label': 'fox'}, {'score': 0.002430790336802602, 'label': 'buzzard'}]"
2d3c51aa189976bb33fe0d6f7a176849,TF_ACULEI_14625_IMAG0298.jpg,horse,Waning Gibbous,,2023-02-09 07:17:54,,"[{'score': 0.9844629764556885, 'label': 'horse'}, {'score': 0.0027207527309656143, 'label': 'wolf'}, {'score': 0.002179824048653245, 'label': 'deer'}]"
fd11f48902daf139be2c5957591f9f98,TF_ACULEI_11609_DSCF0052.jpg,deer,Waning Gibbous,21,2022-07-18 22:07:18,CAM4,"[{'score': 0.9639694690704346, 'label': 'deer'}, {'score': 0.015430551022291183, 'label': 'wild boar'}, {'score': 0.00574895367026329, 'label': 'fox'}]"
50919e7e21cf550358183465fffab6b1,TF_ACULEI_11629_DSCF0065.jpg,heron,Last Quarter,15,2022-07-20 02:39:10,CAM4,"[{'score': 0.24338184297084808, 'label': 'heron'}, {'score': 0.16220273077487946, 'label': 'fox'}, {'score': 0.13517461717128754, 'label': 'hare'}]"
d73eb295d21e4923c1c19246d5be6df9,TF_ACULEI_14046_DSCF0178.jpg,porcupine,New Moon,,2023-12-14 02:54:25,CAM4,"[{'score': 0.9403682947158813, 'label': 'porcupine'}, {'score': 0.04724256321787834, 'label': 'wild boar'}, {'score': 0.004537624306976795, 'label': 'fox'}]"
95a7ad53459f275a446ea0e2018a3054,TF_ACULEI_10825_DSCF0067.jpg,wild boar,Full Moon,6,2022-03-18 21:44:41,,"[{'score': 0.9993833303451538, 'label': 'wild boar'}, {'score': 0.0004219341790303588, 'label': 'porcupine'}, {'score': 0.0001026110039674677, 'label': 'deer'}]"
746fd76ab367081beebde6d160c03e62,TF_ACULEI_429_IMAG0045.jpg,badger,Full Moon,,2021-05-25 22:17:27,,"[{'score': 0.9782274961471558, 'label': 'badger'}, {'score': 0.007952212356030941, 'label': 'fox'}, {'score': 0.004543288145214319, 'label': 'wolf'}]"
522c278f17be026df647b55708c660aa,TF_ACULEI_10841_IMAG0155.jpg,deer,Waning Crescent,,2022-03-28 22:59:53,,"[{'score': 0.9727156162261963, 'label': 'deer'}, {'score': 0.009562469087541103, 'label': 'fox'}, {'score': 0.005720454268157482, 'label': 'wild boar'}]"
87707d32bc76ec9327dd2f368291fa0a,TF_ACULEI_13280_DSCF0039.jpg,fox,Waning Gibbous,,2023-01-10 01:23:25,,"[{'score': 0.543091356754303, 'label': 'fox'}, {'score': 0.43766066431999207, 'label': 'wolf'}, {'score': 0.007812307681888342, 'label': 'cat'}]"
438a7eaf90b689b399da2b56b667f116,TF_ACULEI_14786_DSCF0249.jpg,wild boar,New Moon,,2023-02-19 23:01:34,CAM4,"[{'score': 0.9966310858726501, 'label': 'wild boar'}, {'score': 0.0028246359433978796, 'label': 'porcupine'}, {'score': 0.0002359751088079065, 'label': 'deer'}]"
15f1359b7de85445e7309fbb28970117,TF_ACULEI_11477_DSCF0076.jpg,wild boar,Last Quarter,19,2022-06-21 01:26:00,CAM5,"[{'score': 0.989984393119812, 'label': 'wild boar'}, {'score': 0.00716686574742198, 'label': 'porcupine'}, {'score': 0.0014387883711606264, 'label': 'badger'}]"
70bb1288664be46dde2a07ee84f48f49,TF_ACULEI_10699_DSCF0108.jpg,deer,Waning Crescent,,2022-02-26 00:32:37,CAM4,"[{'score': 0.27521947026252747, 'label': 'deer'}, {'score': 0.27204418182373047, 'label': 'fox'}, {'score': 0.16510577499866486, 'label': 'hare'}]"
34042a218b78667f5dbc2b4775b3ca3b,TF_ACULEI_3173_IMAG0076.jpg,deer,New Moon,,2021-06-10 22:24:57,,"[{'score': 0.9031103253364563, 'label': 'deer'}, {'score': 0.04362325370311737, 'label': 'hare'}, {'score': 0.027165764942765236, 'label': 'fox'}]"
